birthPlaceCountry,countryofResidency,deathTime,firstName,isActive,lastName,legalName,listedCompany,maritalStatus,middleName,name,nameAlias,nationality,occupation,organizationSymbol,partyId,partyType,sourceOfIncome,title,website,gender,homePhone,alternatePhone,cellPhone,primaryPhone,workPhone,alternateEmail,companyEmail,personalEmail,workEmail,isIndividual
US,US,,,1,,,,,,,,US,,,0,Individual,,,,,,,,,,,,,,
US,US,,,1,,,,,,,,US,,,1,Individual,,,,,,,,,,,,,,
US,US,,,1,,,,,,,,US,,,3,Individual,,,,,,,,,,,,,,
US,US,,,1,,,,,,,,US,,,4,Individual,,,,,,,,,,,,,,
US,US,,,1,,,,,,,,US,,,5,Individual,,,,,,,,,,,,,,
US,US,,,1,,,,,,,,US,,,6,Individual,,,,,,,,,,,,,,
US,US,,,1,,,,,,,,US,,,8,Individual,,,,,,,,,,,,,,
US,US,,,1,,,,,,,,US,,,10,Individual,,,,,,,,,,,,,,
US,US,,,1,,,,,,,,US,,,11,Individual,,,,,,,,,,,,,,
US,US,,,1,,,,,,,,US,,,13,Individual,,,,,,,,,,,,,,
US,US,,,1,,,,,,,,US,,,14,Individual,,,,,,,,,,,,,,
US,US,,,1,,,,,,,,US,,,18,Individual,,,,,,,,,,,,,,
US,US,,,1,,,,,,,,US,,,22,Individual,,,,,,,,,,,,,,
US,US,,,1,,,,,,,,US,,,23,Individual,,,,,,,,,,,,,,
US,US,,,1,,,,,,,,US,,,25,Individual,,,,,,,,,,,,,,
US,US,,,1,,,,,,,,US,,,27,Individual,,,,,,,,,,,,,,
US,US,,,1,,,,,,,,US,,,30,Individual,,,,,,,,,,,,,,
US,US,,,1,,,,,,,,US,,,33,Individual,,,,,,,,,,,,,,
US,US,,,1,,,,,,,,US,,,35,Individual,,,,,,,,,,,,,,
US,US,,,1,,,,,,,,US,,,37,Individual,,,,,,,,,,,,,,
US,US,,,1,,,,,,,,US,,,38,Individual,,,,,,,,,,,,,,
US,US,,,1,,,,,,,,US,,,40,Individual,,,,,,,,,,,,,,
US,US,,,1,,,,,,,,US,,,43,Individual,,,,,,,,,,,,,,
US,US,,,1,,,,,,,,US,,,44,Individual,,,,,,,,,,,,,,
US,US,,,1,,,,,,,,US,,,45,Individual,,,,,,,,,,,,,,
US,US,,,1,,,,,,,,US,,,47,Individual,,,,,,,,,,,,,,
US,US,,,1,,,,,,,,US,,,49,Individual,,,,,,,,,,,,,,
US,US,,,1,,,,,,,,US,,,50,Individual,,,,,,,,,,,,,,
US,US,,,1,,,,,,,,US,,,51,Individual,,,,,,,,,,,,,,
US,US,,,1,,,,,,,,US,,,54,Individual,,,,,,,,,,,,,,
US,US,,,1,,,,,,,,US,,,57,Individual,,,,,,,,,,,,,,
US,US,,,1,,,,,,,,US,,,59,Individual,,,,,,,,,,,,,,
US,US,,,1,,,,,,,,US,,,60,Individual,,,,,,,,,,,,,,
US,US,,,1,,,,,,,,US,,,61,Individual,,,,,,,,,,,,,,
US,US,,,1,,,,,,,,US,,,62,Individual,,,,,,,,,,,,,,
US,US,,,1,,,,,,,,US,,,64,Individual,,,,,,,,,,,,,,
US,US,,,1,,,,,,,,US,,,67,Individual,,,,,,,,,,,,,,
US,US,,,1,,,,,,,,US,,,68,Individual,,,,,,,,,,,,,,
US,US,,,1,,,,,,,,US,,,70,Individual,,,,,,,,,,,,,,
US,US,,,1,,,,,,,,US,,,71,Individual,,,,,,,,,,,,,,
US,US,,,1,,,,,,,,US,,,72,Individual,,,,,,,,,,,,,,
US,US,,,1,,,,,,,,US,,,73,Individual,,,,,,,,,,,,,,
US,US,,,1,,,,,,,,US,,,79,Individual,,,,,,,,,,,,,,
US,US,,,1,,,,,,,,US,,,80,Individual,,,,,,,,,,,,,,
US,US,,,1,,,,,,,,US,,,84,Individual,,,,,,,,,,,,,,
US,US,,,1,,,,,,,,US,,,85,Individual,,,,,,,,,,,,,,
US,US,,,1,,,,,,,,US,,,88,Individual,,,,,,,,,,,,,,
US,US,,,1,,,,,,,,US,,,93,Individual,,,,,,,,,,,,,,
US,US,,,1,,,,,,,,US,,,95,Individual,,,,,,,,,,,,,,
US,US,,,1,,,,,,,,US,,,96,Individual,,,,,,,,,,,,,,
US,US,,,1,,,,,,,,US,,,97,Individual,,,,,,,,,,,,,,
US,US,,,1,,,,,,,,US,,,99,Individual,,,,,,,,,,,,,,
US,US,,,1,,,,,,,,US,,,102,Individual,,,,,,,,,,,,,,
US,US,,,1,,,,,,,,US,,,106,Individual,,,,,,,,,,,,,,
US,US,,,1,,,,,,,,US,,,107,Individual,,,,,,,,,,,,,,
US,US,,,1,,,,,,,,US,,,110,Individual,,,,,,,,,,,,,,
US,US,,,1,,,,,,,,US,,,115,Individual,,,,,,,,,,,,,,
US,US,,,1,,,,,,,,US,,,117,Individual,,,,,,,,,,,,,,
US,US,,,1,,,,,,,,US,,,118,Individual,,,,,,,,,,,,,,
US,US,,,1,,,,,,,,US,,,119,Individual,,,,,,,,,,,,,,
US,US,,,1,,,,,,,,US,,,120,Individual,,,,,,,,,,,,,,
US,US,,,1,,,,,,,,US,,,123,Individual,,,,,,,,,,,,,,
US,US,,,1,,,,,,,,US,,,125,Individual,,,,,,,,,,,,,,
US,US,,,1,,,,,,,,US,,,128,Individual,,,,,,,,,,,,,,
US,US,,,1,,,,,,,,US,,,129,Individual,,,,,,,,,,,,,,
US,US,,,1,,,,,,,,US,,,131,Individual,,,,,,,,,,,,,,
US,US,,,1,,,,,,,,US,,,132,Individual,,,,,,,,,,,,,,
US,US,,,1,,,,,,,,US,,,133,Individual,,,,,,,,,,,,,,
US,US,,,1,,,,,,,,US,,,140,Individual,,,,,,,,,,,,,,
US,US,,,1,,,,,,,,US,,,144,Individual,,,,,,,,,,,,,,
US,US,,,1,,,,,,,,US,,,146,Individual,,,,,,,,,,,,,,
US,US,,,1,,,,,,,,US,,,149,Individual,,,,,,,,,,,,,,
US,US,,,1,,,,,,,,US,,,150,Individual,,,,,,,,,,,,,,
US,US,,,1,,,,,,,,US,,,155,Individual,,,,,,,,,,,,,,
US,US,,,1,,,,,,,,US,,,160,Individual,,,,,,,,,,,,,,
US,US,,,1,,,,,,,,US,,,162,Individual,,,,,,,,,,,,,,
US,US,,,1,,,,,,,,US,,,170,Individual,,,,,,,,,,,,,,
US,US,,,1,,,,,,,,US,,,173,Individual,,,,,,,,,,,,,,
US,US,,,1,,,,,,,,US,,,174,Individual,,,,,,,,,,,,,,
US,US,,,1,,,,,,,,US,,,176,Individual,,,,,,,,,,,,,,
US,US,,,1,,,,,,,,US,,,178,Individual,,,,,,,,,,,,,,
US,US,,,1,,,,,,,,US,,,180,Individual,,,,,,,,,,,,,,
US,US,,,1,,,,,,,,US,,,181,Individual,,,,,,,,,,,,,,
US,US,,,1,,,,,,,,US,,,184,Individual,,,,,,,,,,,,,,
US,US,,,1,,,,,,,,US,,,185,Individual,,,,,,,,,,,,,,
US,US,,,1,,,,,,,,US,,,189,Individual,,,,,,,,,,,,,,
US,US,,,1,,,,,,,,US,,,193,Individual,,,,,,,,,,,,,,
US,US,,,1,,,,,,,,US,,,194,Individual,,,,,,,,,,,,,,
US,US,,,1,,,,,,,,US,,,196,Individual,,,,,,,,,,,,,,
US,US,,,1,,,,,,,,US,,,199,Individual,,,,,,,,,,,,,,
US,US,,,1,,,,,,,,US,,,205,Individual,,,,,,,,,,,,,,
US,US,,,1,,,,,,,,US,,,210,Individual,,,,,,,,,,,,,,
US,US,,,1,,,,,,,,US,,,211,Individual,,,,,,,,,,,,,,
US,US,,,1,,,,,,,,US,,,213,Individual,,,,,,,,,,,,,,
US,US,,,1,,,,,,,,US,,,214,Individual,,,,,,,,,,,,,,
US,US,,,1,,,,,,,,US,,,215,Individual,,,,,,,,,,,,,,
US,US,,,1,,,,,,,,US,,,217,Individual,,,,,,,,,,,,,,
US,US,,,1,,,,,,,,US,,,221,Individual,,,,,,,,,,,,,,
US,US,,,1,,,,,,,,US,,,222,Individual,,,,,,,,,,,,,,
US,US,,,1,,,,,,,,US,,,226,Individual,,,,,,,,,,,,,,
US,US,,,1,,,,,,,,US,,,227,Individual,,,,,,,,,,,,,,
US,US,,,1,,,,,,,,US,,,228,Individual,,,,,,,,,,,,,,
US,US,,,1,,,,,,,,US,,,229,Individual,,,,,,,,,,,,,,
US,US,,,1,,,,,,,,US,,,231,Individual,,,,,,,,,,,,,,
US,US,,,1,,,,,,,,US,,,238,Individual,,,,,,,,,,,,,,
US,US,,,1,,,,,,,,US,,,240,Individual,,,,,,,,,,,,,,
US,US,,,1,,,,,,,,US,,,242,Individual,,,,,,,,,,,,,,
US,US,,,1,,,,,,,,US,,,243,Individual,,,,,,,,,,,,,,
US,US,,,1,,,,,,,,US,,,245,Individual,,,,,,,,,,,,,,
US,US,,,1,,,,,,,,US,,,246,Individual,,,,,,,,,,,,,,
US,US,,,1,,,,,,,,US,,,247,Individual,,,,,,,,,,,,,,
US,US,,,1,,,,,,,,US,,,248,Individual,,,,,,,,,,,,,,
US,US,,,1,,,,,,,,US,,,249,Individual,,,,,,,,,,,,,,
US,US,,,1,,,,,,,,US,,,254,Individual,,,,,,,,,,,,,,
US,US,,,1,,,,,,,,US,,,255,Individual,,,,,,,,,,,,,,
US,US,,,1,,,,,,,,US,,,257,Individual,,,,,,,,,,,,,,
US,US,,,1,,,,,,,,US,,,261,Individual,,,,,,,,,,,,,,
US,US,,,1,,,,,,,,US,,,263,Individual,,,,,,,,,,,,,,
US,US,,,1,,,,,,,,US,,,264,Individual,,,,,,,,,,,,,,
US,US,,,1,,,,,,,,US,,,266,Individual,,,,,,,,,,,,,,
US,US,,,1,,,,,,,,US,,,267,Individual,,,,,,,,,,,,,,
US,US,,,1,,,,,,,,US,,,268,Individual,,,,,,,,,,,,,,
US,US,,,1,,,,,,,,US,,,269,Individual,,,,,,,,,,,,,,
US,US,,,1,,,,,,,,US,,,272,Individual,,,,,,,,,,,,,,
US,US,,,1,,,,,,,,US,,,273,Individual,,,,,,,,,,,,,,
US,US,,,1,,,,,,,,US,,,276,Individual,,,,,,,,,,,,,,
US,US,,,1,,,,,,,,US,,,278,Individual,,,,,,,,,,,,,,
US,US,,,1,,,,,,,,US,,,279,Individual,,,,,,,,,,,,,,
US,US,,,1,,,,,,,,US,,,280,Individual,,,,,,,,,,,,,,
US,US,,,1,,,,,,,,US,,,281,Individual,,,,,,,,,,,,,,
US,US,,,1,,,,,,,,US,,,283,Individual,,,,,,,,,,,,,,
US,US,,,1,,,,,,,,US,,,284,Individual,,,,,,,,,,,,,,
US,US,,,1,,,,,,,,US,,,286,Individual,,,,,,,,,,,,,,
US,US,,,1,,,,,,,,US,,,292,Individual,,,,,,,,,,,,,,
US,US,,,1,,,,,,,,US,,,294,Individual,,,,,,,,,,,,,,
US,US,,,1,,,,,,,,US,,,295,Individual,,,,,,,,,,,,,,
US,US,,,1,,,,,,,,US,,,297,Individual,,,,,,,,,,,,,,
US,US,,,1,,,,,,,,US,,,298,Individual,,,,,,,,,,,,,,
US,US,,,1,,,,,,,,US,,,299,Individual,,,,,,,,,,,,,,
US,US,,,1,,,,,,,,US,,,302,Individual,,,,,,,,,,,,,,
US,US,,,1,,,,,,,,US,,,303,Individual,,,,,,,,,,,,,,
US,US,,,1,,,,,,,,US,,,305,Individual,,,,,,,,,,,,,,
US,US,,,1,,,,,,,,US,,,307,Individual,,,,,,,,,,,,,,
US,US,,,1,,,,,,,,US,,,310,Individual,,,,,,,,,,,,,,
US,US,,,1,,,,,,,,US,,,311,Individual,,,,,,,,,,,,,,
US,US,,,1,,,,,,,,US,,,313,Individual,,,,,,,,,,,,,,
US,US,,,1,,,,,,,,US,,,314,Individual,,,,,,,,,,,,,,
US,US,,,1,,,,,,,,US,,,316,Individual,,,,,,,,,,,,,,
US,US,,,1,,,,,,,,US,,,317,Individual,,,,,,,,,,,,,,
US,US,,,1,,,,,,,,US,,,321,Individual,,,,,,,,,,,,,,
US,US,,,1,,,,,,,,US,,,323,Individual,,,,,,,,,,,,,,
US,US,,,1,,,,,,,,US,,,327,Individual,,,,,,,,,,,,,,
US,US,,,1,,,,,,,,US,,,332,Individual,,,,,,,,,,,,,,
US,US,,,1,,,,,,,,US,,,333,Individual,,,,,,,,,,,,,,
US,US,,,1,,,,,,,,US,,,334,Individual,,,,,,,,,,,,,,
US,US,,,1,,,,,,,,US,,,336,Individual,,,,,,,,,,,,,,
US,US,,,1,,,,,,,,US,,,337,Individual,,,,,,,,,,,,,,
US,US,,,1,,,,,,,,US,,,338,Individual,,,,,,,,,,,,,,
US,US,,,1,,,,,,,,US,,,339,Individual,,,,,,,,,,,,,,
US,US,,,1,,,,,,,,US,,,340,Individual,,,,,,,,,,,,,,
US,US,,,1,,,,,,,,US,,,342,Individual,,,,,,,,,,,,,,
US,US,,,1,,,,,,,,US,,,343,Individual,,,,,,,,,,,,,,
US,US,,,1,,,,,,,,US,,,344,Individual,,,,,,,,,,,,,,
US,US,,,1,,,,,,,,US,,,351,Individual,,,,,,,,,,,,,,
US,US,,,1,,,,,,,,US,,,352,Individual,,,,,,,,,,,,,,
US,US,,,1,,,,,,,,US,,,355,Individual,,,,,,,,,,,,,,
US,US,,,1,,,,,,,,US,,,356,Individual,,,,,,,,,,,,,,
US,US,,,1,,,,,,,,US,,,358,Individual,,,,,,,,,,,,,,
US,US,,,1,,,,,,,,US,,,362,Individual,,,,,,,,,,,,,,
US,US,,,1,,,,,,,,US,,,363,Individual,,,,,,,,,,,,,,
US,US,,,1,,,,,,,,US,,,364,Individual,,,,,,,,,,,,,,
US,US,,,1,,,,,,,,US,,,366,Individual,,,,,,,,,,,,,,
US,US,,,1,,,,,,,,US,,,369,Individual,,,,,,,,,,,,,,
US,US,,,1,,,,,,,,US,,,370,Individual,,,,,,,,,,,,,,
US,US,,,1,,,,,,,,US,,,376,Individual,,,,,,,,,,,,,,
US,US,,,1,,,,,,,,US,,,379,Individual,,,,,,,,,,,,,,
US,US,,,1,,,,,,,,US,,,382,Individual,,,,,,,,,,,,,,
US,US,,,1,,,,,,,,US,,,383,Individual,,,,,,,,,,,,,,
US,US,,,1,,,,,,,,US,,,385,Individual,,,,,,,,,,,,,,
US,US,,,1,,,,,,,,US,,,386,Individual,,,,,,,,,,,,,,
US,US,,,1,,,,,,,,US,,,387,Individual,,,,,,,,,,,,,,
US,US,,,1,,,,,,,,US,,,388,Individual,,,,,,,,,,,,,,
US,US,,,1,,,,,,,,US,,,390,Individual,,,,,,,,,,,,,,
US,US,,,1,,,,,,,,US,,,391,Individual,,,,,,,,,,,,,,
US,US,,,1,,,,,,,,US,,,392,Individual,,,,,,,,,,,,,,
US,US,,,1,,,,,,,,US,,,393,Individual,,,,,,,,,,,,,,
US,US,,,1,,,,,,,,US,,,395,Individual,,,,,,,,,,,,,,
US,US,,,1,,,,,,,,US,,,396,Individual,,,,,,,,,,,,,,
US,US,,,1,,,,,,,,US,,,397,Individual,,,,,,,,,,,,,,
US,US,,,1,,,,,,,,US,,,398,Individual,,,,,,,,,,,,,,
US,US,,,1,,,,,,,,US,,,399,Individual,,,,,,,,,,,,,,
US,US,,,1,,,,,,,,US,,,405,Individual,,,,,,,,,,,,,,
US,US,,,1,,,,,,,,US,,,408,Individual,,,,,,,,,,,,,,
US,US,,,1,,,,,,,,US,,,409,Individual,,,,,,,,,,,,,,
US,US,,,1,,,,,,,,US,,,411,Individual,,,,,,,,,,,,,,
US,US,,,1,,,,,,,,US,,,413,Individual,,,,,,,,,,,,,,
US,US,,,1,,,,,,,,US,,,414,Individual,,,,,,,,,,,,,,
US,US,,,1,,,,,,,,US,,,418,Individual,,,,,,,,,,,,,,
US,US,,,1,,,,,,,,US,,,420,Individual,,,,,,,,,,,,,,
US,US,,,1,,,,,,,,US,,,424,Individual,,,,,,,,,,,,,,
US,US,,,1,,,,,,,,US,,,427,Individual,,,,,,,,,,,,,,
US,US,,,1,,,,,,,,US,,,430,Individual,,,,,,,,,,,,,,
US,US,,,1,,,,,,,,US,,,432,Individual,,,,,,,,,,,,,,
US,US,,,1,,,,,,,,US,,,434,Individual,,,,,,,,,,,,,,
US,US,,,1,,,,,,,,US,,,437,Individual,,,,,,,,,,,,,,
US,US,,,1,,,,,,,,US,,,441,Individual,,,,,,,,,,,,,,
US,US,,,1,,,,,,,,US,,,443,Individual,,,,,,,,,,,,,,
US,US,,,1,,,,,,,,US,,,445,Individual,,,,,,,,,,,,,,
US,US,,,1,,,,,,,,US,,,446,Individual,,,,,,,,,,,,,,
US,US,,,1,,,,,,,,US,,,447,Individual,,,,,,,,,,,,,,
US,US,,,1,,,,,,,,US,,,448,Individual,,,,,,,,,,,,,,
US,US,,,1,,,,,,,,US,,,449,Individual,,,,,,,,,,,,,,
US,US,,,1,,,,,,,,US,,,450,Individual,,,,,,,,,,,,,,
US,US,,,1,,,,,,,,US,,,453,Individual,,,,,,,,,,,,,,
US,US,,,1,,,,,,,,US,,,454,Individual,,,,,,,,,,,,,,
US,US,,,1,,,,,,,,US,,,456,Individual,,,,,,,,,,,,,,
US,US,,,1,,,,,,,,US,,,457,Individual,,,,,,,,,,,,,,
US,US,,,1,,,,,,,,US,,,461,Individual,,,,,,,,,,,,,,
US,US,,,1,,,,,,,,US,,,466,Individual,,,,,,,,,,,,,,
US,US,,,1,,,,,,,,US,,,470,Individual,,,,,,,,,,,,,,
US,US,,,1,,,,,,,,US,,,471,Individual,,,,,,,,,,,,,,
US,US,,,1,,,,,,,,US,,,472,Individual,,,,,,,,,,,,,,
US,US,,,1,,,,,,,,US,,,474,Individual,,,,,,,,,,,,,,
US,US,,,1,,,,,,,,US,,,480,Individual,,,,,,,,,,,,,,
US,US,,,1,,,,,,,,US,,,484,Individual,,,,,,,,,,,,,,
US,US,,,1,,,,,,,,US,,,485,Individual,,,,,,,,,,,,,,
US,US,,,1,,,,,,,,US,,,487,Individual,,,,,,,,,,,,,,
US,US,,,1,,,,,,,,US,,,489,Individual,,,,,,,,,,,,,,
US,US,,,1,,,,,,,,US,,,490,Individual,,,,,,,,,,,,,,
US,US,,,1,,,,,,,,US,,,491,Individual,,,,,,,,,,,,,,
US,US,,,1,,,,,,,,US,,,492,Individual,,,,,,,,,,,,,,
US,US,,,1,,,,,,,,US,,,493,Individual,,,,,,,,,,,,,,
US,US,,,1,,,,,,,,US,,,496,Individual,,,,,,,,,,,,,,
US,US,,,1,,,,,,,,US,,,497,Individual,,,,,,,,,,,,,,
US,US,,,1,,,,,,,,US,,,498,Individual,,,,,,,,,,,,,,
US,US,,,1,,,,,,,,US,,,501,Individual,,,,,,,,,,,,,,
US,US,,,1,,,,,,,,US,,,502,Individual,,,,,,,,,,,,,,
US,US,,,1,,,,,,,,US,,,503,Individual,,,,,,,,,,,,,,
US,US,,,1,,,,,,,,US,,,508,Individual,,,,,,,,,,,,,,
US,US,,,1,,,,,,,,US,,,510,Individual,,,,,,,,,,,,,,
US,US,,,1,,,,,,,,US,,,512,Individual,,,,,,,,,,,,,,
US,US,,,1,,,,,,,,US,,,515,Individual,,,,,,,,,,,,,,
US,US,,,1,,,,,,,,US,,,516,Individual,,,,,,,,,,,,,,
US,US,,,1,,,,,,,,US,,,518,Individual,,,,,,,,,,,,,,
US,US,,,1,,,,,,,,US,,,519,Individual,,,,,,,,,,,,,,
US,US,,,1,,,,,,,,US,,,521,Individual,,,,,,,,,,,,,,
US,US,,,1,,,,,,,,US,,,522,Individual,,,,,,,,,,,,,,
US,US,,,1,,,,,,,,US,,,523,Individual,,,,,,,,,,,,,,
US,US,,,1,,,,,,,,US,,,524,Individual,,,,,,,,,,,,,,
US,US,,,1,,,,,,,,US,,,528,Individual,,,,,,,,,,,,,,
US,US,,,1,,,,,,,,US,,,530,Individual,,,,,,,,,,,,,,
US,US,,,1,,,,,,,,US,,,532,Individual,,,,,,,,,,,,,,
US,US,,,1,,,,,,,,US,,,533,Individual,,,,,,,,,,,,,,
US,US,,,1,,,,,,,,US,,,536,Individual,,,,,,,,,,,,,,
US,US,,,1,,,,,,,,US,,,538,Individual,,,,,,,,,,,,,,
US,US,,,1,,,,,,,,US,,,539,Individual,,,,,,,,,,,,,,
US,US,,,1,,,,,,,,US,,,543,Individual,,,,,,,,,,,,,,
US,US,,,1,,,,,,,,US,,,544,Individual,,,,,,,,,,,,,,
US,US,,,1,,,,,,,,US,,,546,Individual,,,,,,,,,,,,,,
US,US,,,1,,,,,,,,US,,,548,Individual,,,,,,,,,,,,,,
US,US,,,1,,,,,,,,US,,,549,Individual,,,,,,,,,,,,,,
US,US,,,1,,,,,,,,US,,,557,Individual,,,,,,,,,,,,,,
US,US,,,1,,,,,,,,US,,,563,Individual,,,,,,,,,,,,,,
US,US,,,1,,,,,,,,US,,,567,Individual,,,,,,,,,,,,,,
US,US,,,1,,,,,,,,US,,,568,Individual,,,,,,,,,,,,,,
US,US,,,1,,,,,,,,US,,,569,Individual,,,,,,,,,,,,,,
US,US,,,1,,,,,,,,US,,,571,Individual,,,,,,,,,,,,,,
US,US,,,1,,,,,,,,US,,,572,Individual,,,,,,,,,,,,,,
US,US,,,1,,,,,,,,US,,,577,Individual,,,,,,,,,,,,,,
US,US,,,1,,,,,,,,US,,,581,Individual,,,,,,,,,,,,,,
US,US,,,1,,,,,,,,US,,,582,Individual,,,,,,,,,,,,,,
US,US,,,1,,,,,,,,US,,,583,Individual,,,,,,,,,,,,,,
US,US,,,1,,,,,,,,US,,,584,Individual,,,,,,,,,,,,,,
US,US,,,1,,,,,,,,US,,,587,Individual,,,,,,,,,,,,,,
US,US,,,1,,,,,,,,US,,,589,Individual,,,,,,,,,,,,,,
US,US,,,1,,,,,,,,US,,,591,Individual,,,,,,,,,,,,,,
US,US,,,1,,,,,,,,US,,,593,Individual,,,,,,,,,,,,,,
US,US,,,1,,,,,,,,US,,,594,Individual,,,,,,,,,,,,,,
US,US,,,1,,,,,,,,US,,,596,Individual,,,,,,,,,,,,,,
US,US,,,1,,,,,,,,US,,,597,Individual,,,,,,,,,,,,,,
US,US,,,1,,,,,,,,US,,,600,Individual,,,,,,,,,,,,,,
US,US,,,1,,,,,,,,US,,,605,Individual,,,,,,,,,,,,,,
US,US,,,1,,,,,,,,US,,,607,Individual,,,,,,,,,,,,,,
US,US,,,1,,,,,,,,US,,,608,Individual,,,,,,,,,,,,,,
US,US,,,1,,,,,,,,US,,,610,Individual,,,,,,,,,,,,,,
US,US,,,1,,,,,,,,US,,,612,Individual,,,,,,,,,,,,,,
US,US,,,1,,,,,,,,US,,,614,Individual,,,,,,,,,,,,,,
US,US,,,1,,,,,,,,US,,,615,Individual,,,,,,,,,,,,,,
US,US,,,1,,,,,,,,US,,,616,Individual,,,,,,,,,,,,,,
US,US,,,1,,,,,,,,US,,,617,Individual,,,,,,,,,,,,,,
US,US,,,1,,,,,,,,US,,,618,Individual,,,,,,,,,,,,,,
US,US,,,1,,,,,,,,US,,,619,Individual,,,,,,,,,,,,,,
US,US,,,1,,,,,,,,US,,,620,Individual,,,,,,,,,,,,,,
US,US,,,1,,,,,,,,US,,,621,Individual,,,,,,,,,,,,,,
US,US,,,1,,,,,,,,US,,,624,Individual,,,,,,,,,,,,,,
US,US,,,1,,,,,,,,US,,,629,Individual,,,,,,,,,,,,,,
US,US,,,1,,,,,,,,US,,,630,Individual,,,,,,,,,,,,,,
US,US,,,1,,,,,,,,US,,,631,Individual,,,,,,,,,,,,,,
US,US,,,1,,,,,,,,US,,,632,Individual,,,,,,,,,,,,,,
US,US,,,1,,,,,,,,US,,,633,Individual,,,,,,,,,,,,,,
US,US,,,1,,,,,,,,US,,,635,Individual,,,,,,,,,,,,,,
US,US,,,1,,,,,,,,US,,,637,Individual,,,,,,,,,,,,,,
US,US,,,1,,,,,,,,US,,,641,Individual,,,,,,,,,,,,,,
US,US,,,1,,,,,,,,US,,,642,Individual,,,,,,,,,,,,,,
US,US,,,1,,,,,,,,US,,,644,Individual,,,,,,,,,,,,,,
US,US,,,1,,,,,,,,US,,,647,Individual,,,,,,,,,,,,,,
US,US,,,1,,,,,,,,US,,,648,Individual,,,,,,,,,,,,,,
US,US,,,1,,,,,,,,US,,,649,Individual,,,,,,,,,,,,,,
US,US,,,1,,,,,,,,US,,,650,Individual,,,,,,,,,,,,,,
US,US,,,1,,,,,,,,US,,,651,Individual,,,,,,,,,,,,,,
US,US,,,1,,,,,,,,US,,,656,Individual,,,,,,,,,,,,,,
US,US,,,1,,,,,,,,US,,,659,Individual,,,,,,,,,,,,,,
US,US,,,1,,,,,,,,US,,,663,Individual,,,,,,,,,,,,,,
US,US,,,1,,,,,,,,US,,,667,Individual,,,,,,,,,,,,,,
US,US,,,1,,,,,,,,US,,,670,Individual,,,,,,,,,,,,,,
US,US,,,1,,,,,,,,US,,,672,Individual,,,,,,,,,,,,,,
US,US,,,1,,,,,,,,US,,,674,Individual,,,,,,,,,,,,,,
US,US,,,1,,,,,,,,US,,,675,Individual,,,,,,,,,,,,,,
US,US,,,1,,,,,,,,US,,,678,Individual,,,,,,,,,,,,,,
US,US,,,1,,,,,,,,US,,,679,Individual,,,,,,,,,,,,,,
US,US,,,1,,,,,,,,US,,,681,Individual,,,,,,,,,,,,,,
US,US,,,1,,,,,,,,US,,,684,Individual,,,,,,,,,,,,,,
US,US,,,1,,,,,,,,US,,,686,Individual,,,,,,,,,,,,,,
US,US,,,1,,,,,,,,US,,,689,Individual,,,,,,,,,,,,,,
US,US,,,1,,,,,,,,US,,,691,Individual,,,,,,,,,,,,,,
US,US,,,1,,,,,,,,US,,,692,Individual,,,,,,,,,,,,,,
US,US,,,1,,,,,,,,US,,,693,Individual,,,,,,,,,,,,,,
US,US,,,1,,,,,,,,US,,,694,Individual,,,,,,,,,,,,,,
US,US,,,1,,,,,,,,US,,,696,Individual,,,,,,,,,,,,,,
US,US,,,1,,,,,,,,US,,,697,Individual,,,,,,,,,,,,,,
US,US,,,1,,,,,,,,US,,,700,Individual,,,,,,,,,,,,,,
US,US,,,1,,,,,,,,US,,,701,Individual,,,,,,,,,,,,,,
US,US,,,1,,,,,,,,US,,,702,Individual,,,,,,,,,,,,,,
US,US,,,1,,,,,,,,US,,,703,Individual,,,,,,,,,,,,,,
US,US,,,1,,,,,,,,US,,,704,Individual,,,,,,,,,,,,,,
US,US,,,1,,,,,,,,US,,,705,Individual,,,,,,,,,,,,,,
US,US,,,1,,,,,,,,US,,,710,Individual,,,,,,,,,,,,,,
US,US,,,1,,,,,,,,US,,,712,Individual,,,,,,,,,,,,,,
US,US,,,1,,,,,,,,US,,,713,Individual,,,,,,,,,,,,,,
US,US,,,1,,,,,,,,US,,,715,Individual,,,,,,,,,,,,,,
US,US,,,1,,,,,,,,US,,,716,Individual,,,,,,,,,,,,,,
US,US,,,1,,,,,,,,US,,,718,Individual,,,,,,,,,,,,,,
US,US,,,1,,,,,,,,US,,,719,Individual,,,,,,,,,,,,,,
US,US,,,1,,,,,,,,US,,,722,Individual,,,,,,,,,,,,,,
US,US,,,1,,,,,,,,US,,,724,Individual,,,,,,,,,,,,,,
US,US,,,1,,,,,,,,US,,,725,Individual,,,,,,,,,,,,,,
US,US,,,1,,,,,,,,US,,,731,Individual,,,,,,,,,,,,,,
US,US,,,1,,,,,,,,US,,,732,Individual,,,,,,,,,,,,,,
US,US,,,1,,,,,,,,US,,,735,Individual,,,,,,,,,,,,,,
US,US,,,1,,,,,,,,US,,,736,Individual,,,,,,,,,,,,,,
US,US,,,1,,,,,,,,US,,,737,Individual,,,,,,,,,,,,,,
US,US,,,1,,,,,,,,US,,,738,Individual,,,,,,,,,,,,,,
US,US,,,1,,,,,,,,US,,,739,Individual,,,,,,,,,,,,,,
US,US,,,1,,,,,,,,US,,,740,Individual,,,,,,,,,,,,,,
US,US,,,1,,,,,,,,US,,,741,Individual,,,,,,,,,,,,,,
US,US,,,1,,,,,,,,US,,,745,Individual,,,,,,,,,,,,,,
US,US,,,1,,,,,,,,US,,,746,Individual,,,,,,,,,,,,,,
US,US,,,1,,,,,,,,US,,,747,Individual,,,,,,,,,,,,,,
US,US,,,1,,,,,,,,US,,,748,Individual,,,,,,,,,,,,,,
US,US,,,1,,,,,,,,US,,,749,Individual,,,,,,,,,,,,,,
US,US,,,1,,,,,,,,US,,,751,Individual,,,,,,,,,,,,,,
US,US,,,1,,,,,,,,US,,,755,Individual,,,,,,,,,,,,,,
US,US,,,1,,,,,,,,US,,,756,Individual,,,,,,,,,,,,,,
US,US,,,1,,,,,,,,US,,,761,Individual,,,,,,,,,,,,,,
US,US,,,1,,,,,,,,US,,,765,Individual,,,,,,,,,,,,,,
US,US,,,1,,,,,,,,US,,,769,Individual,,,,,,,,,,,,,,
US,US,,,1,,,,,,,,US,,,770,Individual,,,,,,,,,,,,,,
US,US,,,1,,,,,,,,US,,,772,Individual,,,,,,,,,,,,,,
US,US,,,1,,,,,,,,US,,,773,Individual,,,,,,,,,,,,,,
US,US,,,1,,,,,,,,US,,,775,Individual,,,,,,,,,,,,,,
US,US,,,1,,,,,,,,US,,,776,Individual,,,,,,,,,,,,,,
US,US,,,1,,,,,,,,US,,,777,Individual,,,,,,,,,,,,,,
US,US,,,1,,,,,,,,US,,,778,Individual,,,,,,,,,,,,,,
US,US,,,1,,,,,,,,US,,,780,Individual,,,,,,,,,,,,,,
US,US,,,1,,,,,,,,US,,,781,Individual,,,,,,,,,,,,,,
US,US,,,1,,,,,,,,US,,,783,Individual,,,,,,,,,,,,,,
US,US,,,1,,,,,,,,US,,,785,Individual,,,,,,,,,,,,,,
US,US,,,1,,,,,,,,US,,,786,Individual,,,,,,,,,,,,,,
US,US,,,1,,,,,,,,US,,,787,Individual,,,,,,,,,,,,,,
US,US,,,1,,,,,,,,US,,,789,Individual,,,,,,,,,,,,,,
US,US,,,1,,,,,,,,US,,,790,Individual,,,,,,,,,,,,,,
US,US,,,1,,,,,,,,US,,,795,Individual,,,,,,,,,,,,,,
US,US,,,1,,,,,,,,US,,,797,Individual,,,,,,,,,,,,,,
US,US,,,1,,,,,,,,US,,,799,Individual,,,,,,,,,,,,,,
US,US,,,1,,,,,,,,US,,,802,Individual,,,,,,,,,,,,,,
US,US,,,1,,,,,,,,US,,,803,Individual,,,,,,,,,,,,,,
US,US,,,1,,,,,,,,US,,,804,Individual,,,,,,,,,,,,,,
US,US,,,1,,,,,,,,US,,,807,Individual,,,,,,,,,,,,,,
US,US,,,1,,,,,,,,US,,,810,Individual,,,,,,,,,,,,,,
US,US,,,1,,,,,,,,US,,,811,Individual,,,,,,,,,,,,,,
US,US,,,1,,,,,,,,US,,,812,Individual,,,,,,,,,,,,,,
US,US,,,1,,,,,,,,US,,,814,Individual,,,,,,,,,,,,,,
US,US,,,1,,,,,,,,US,,,817,Individual,,,,,,,,,,,,,,
US,US,,,1,,,,,,,,US,,,821,Individual,,,,,,,,,,,,,,
US,US,,,1,,,,,,,,US,,,823,Individual,,,,,,,,,,,,,,
US,US,,,1,,,,,,,,US,,,824,Individual,,,,,,,,,,,,,,
US,US,,,1,,,,,,,,US,,,830,Individual,,,,,,,,,,,,,,
US,US,,,1,,,,,,,,US,,,831,Individual,,,,,,,,,,,,,,
US,US,,,1,,,,,,,,US,,,832,Individual,,,,,,,,,,,,,,
US,US,,,1,,,,,,,,US,,,833,Individual,,,,,,,,,,,,,,
US,US,,,1,,,,,,,,US,,,835,Individual,,,,,,,,,,,,,,
US,US,,,1,,,,,,,,US,,,837,Individual,,,,,,,,,,,,,,
US,US,,,1,,,,,,,,US,,,840,Individual,,,,,,,,,,,,,,
US,US,,,1,,,,,,,,US,,,841,Individual,,,,,,,,,,,,,,
US,US,,,1,,,,,,,,US,,,844,Individual,,,,,,,,,,,,,,
US,US,,,1,,,,,,,,US,,,846,Individual,,,,,,,,,,,,,,
US,US,,,1,,,,,,,,US,,,847,Individual,,,,,,,,,,,,,,
US,US,,,1,,,,,,,,US,,,848,Individual,,,,,,,,,,,,,,
US,US,,,1,,,,,,,,US,,,849,Individual,,,,,,,,,,,,,,
US,US,,,1,,,,,,,,US,,,851,Individual,,,,,,,,,,,,,,
US,US,,,1,,,,,,,,US,,,852,Individual,,,,,,,,,,,,,,
US,US,,,1,,,,,,,,US,,,853,Individual,,,,,,,,,,,,,,
US,US,,,1,,,,,,,,US,,,856,Individual,,,,,,,,,,,,,,
US,US,,,1,,,,,,,,US,,,859,Individual,,,,,,,,,,,,,,
US,US,,,1,,,,,,,,US,,,862,Individual,,,,,,,,,,,,,,
US,US,,,1,,,,,,,,US,,,863,Individual,,,,,,,,,,,,,,
US,US,,,1,,,,,,,,US,,,864,Individual,,,,,,,,,,,,,,
US,US,,,1,,,,,,,,US,,,865,Individual,,,,,,,,,,,,,,
US,US,,,1,,,,,,,,US,,,866,Individual,,,,,,,,,,,,,,
US,US,,,1,,,,,,,,US,,,867,Individual,,,,,,,,,,,,,,
US,US,,,1,,,,,,,,US,,,868,Individual,,,,,,,,,,,,,,
US,US,,,1,,,,,,,,US,,,874,Individual,,,,,,,,,,,,,,
US,US,,,1,,,,,,,,US,,,876,Individual,,,,,,,,,,,,,,
US,US,,,1,,,,,,,,US,,,878,Individual,,,,,,,,,,,,,,
US,US,,,1,,,,,,,,US,,,883,Individual,,,,,,,,,,,,,,
US,US,,,1,,,,,,,,US,,,885,Individual,,,,,,,,,,,,,,
US,US,,,1,,,,,,,,US,,,886,Individual,,,,,,,,,,,,,,
US,US,,,1,,,,,,,,US,,,887,Individual,,,,,,,,,,,,,,
US,US,,,1,,,,,,,,US,,,888,Individual,,,,,,,,,,,,,,
US,US,,,1,,,,,,,,US,,,891,Individual,,,,,,,,,,,,,,
US,US,,,1,,,,,,,,US,,,893,Individual,,,,,,,,,,,,,,
US,US,,,1,,,,,,,,US,,,895,Individual,,,,,,,,,,,,,,
US,US,,,1,,,,,,,,US,,,897,Individual,,,,,,,,,,,,,,
US,US,,,1,,,,,,,,US,,,898,Individual,,,,,,,,,,,,,,
US,US,,,1,,,,,,,,US,,,899,Individual,,,,,,,,,,,,,,
US,US,,,1,,,,,,,,US,,,900,Individual,,,,,,,,,,,,,,
US,US,,,1,,,,,,,,US,,,902,Individual,,,,,,,,,,,,,,
US,US,,,1,,,,,,,,US,,,904,Individual,,,,,,,,,,,,,,
US,US,,,1,,,,,,,,US,,,905,Individual,,,,,,,,,,,,,,
US,US,,,1,,,,,,,,US,,,906,Individual,,,,,,,,,,,,,,
US,US,,,1,,,,,,,,US,,,907,Individual,,,,,,,,,,,,,,
US,US,,,1,,,,,,,,US,,,908,Individual,,,,,,,,,,,,,,
US,US,,,1,,,,,,,,US,,,909,Individual,,,,,,,,,,,,,,
US,US,,,1,,,,,,,,US,,,912,Individual,,,,,,,,,,,,,,
US,US,,,1,,,,,,,,US,,,914,Individual,,,,,,,,,,,,,,
US,US,,,1,,,,,,,,US,,,915,Individual,,,,,,,,,,,,,,
US,US,,,1,,,,,,,,US,,,916,Individual,,,,,,,,,,,,,,
US,US,,,1,,,,,,,,US,,,917,Individual,,,,,,,,,,,,,,
US,US,,,1,,,,,,,,US,,,921,Individual,,,,,,,,,,,,,,
US,US,,,1,,,,,,,,US,,,924,Individual,,,,,,,,,,,,,,
US,US,,,1,,,,,,,,US,,,926,Individual,,,,,,,,,,,,,,
US,US,,,1,,,,,,,,US,,,928,Individual,,,,,,,,,,,,,,
US,US,,,1,,,,,,,,US,,,929,Individual,,,,,,,,,,,,,,
US,US,,,1,,,,,,,,US,,,932,Individual,,,,,,,,,,,,,,
US,US,,,1,,,,,,,,US,,,934,Individual,,,,,,,,,,,,,,
US,US,,,1,,,,,,,,US,,,938,Individual,,,,,,,,,,,,,,
US,US,,,1,,,,,,,,US,,,939,Individual,,,,,,,,,,,,,,
US,US,,,1,,,,,,,,US,,,943,Individual,,,,,,,,,,,,,,
US,US,,,1,,,,,,,,US,,,944,Individual,,,,,,,,,,,,,,
US,US,,,1,,,,,,,,US,,,946,Individual,,,,,,,,,,,,,,
US,US,,,1,,,,,,,,US,,,948,Individual,,,,,,,,,,,,,,
US,US,,,1,,,,,,,,US,,,950,Individual,,,,,,,,,,,,,,
US,US,,,1,,,,,,,,US,,,956,Individual,,,,,,,,,,,,,,
US,US,,,1,,,,,,,,US,,,957,Individual,,,,,,,,,,,,,,
US,US,,,1,,,,,,,,US,,,958,Individual,,,,,,,,,,,,,,
US,US,,,1,,,,,,,,US,,,961,Individual,,,,,,,,,,,,,,
US,US,,,1,,,,,,,,US,,,963,Individual,,,,,,,,,,,,,,
US,US,,,1,,,,,,,,US,,,964,Individual,,,,,,,,,,,,,,
US,US,,,1,,,,,,,,US,,,965,Individual,,,,,,,,,,,,,,
US,US,,,1,,,,,,,,US,,,966,Individual,,,,,,,,,,,,,,
US,US,,,1,,,,,,,,US,,,967,Individual,,,,,,,,,,,,,,
US,US,,,1,,,,,,,,US,,,968,Individual,,,,,,,,,,,,,,
US,US,,,1,,,,,,,,US,,,971,Individual,,,,,,,,,,,,,,
US,US,,,1,,,,,,,,US,,,972,Individual,,,,,,,,,,,,,,
US,US,,,1,,,,,,,,US,,,974,Individual,,,,,,,,,,,,,,
US,US,,,1,,,,,,,,US,,,975,Individual,,,,,,,,,,,,,,
US,US,,,1,,,,,,,,US,,,977,Individual,,,,,,,,,,,,,,
US,US,,,1,,,,,,,,US,,,979,Individual,,,,,,,,,,,,,,
US,US,,,1,,,,,,,,US,,,981,Individual,,,,,,,,,,,,,,
US,US,,,1,,,,,,,,US,,,982,Individual,,,,,,,,,,,,,,
US,US,,,1,,,,,,,,US,,,984,Individual,,,,,,,,,,,,,,
US,US,,,1,,,,,,,,US,,,989,Individual,,,,,,,,,,,,,,
US,US,,,1,,,,,,,,US,,,991,Individual,,,,,,,,,,,,,,
US,US,,,1,,,,,,,,US,,,992,Individual,,,,,,,,,,,,,,
US,US,,,1,,,,,,,,US,,,994,Individual,,,,,,,,,,,,,,
US,US,,,1,,,,,,,,US,,,995,Individual,,,,,,,,,,,,,,
US,US,,,1,,,,,,,,US,,,996,Individual,,,,,,,,,,,,,,
US,US,,,1,,,,,,,,US,,,997,Individual,,,,,,,,,,,,,,
US,US,,,1,,,,,,,,US,,,998,Individual,,,,,,,,,,,,,,
US,US,,,1,,,,,,,,US,,,1000,Individual,,,,,,,,,,,,,,
US,US,,,1,,,,,,,,US,,,1002,Individual,,,,,,,,,,,,,,
US,US,,,1,,,,,,,,US,,,1003,Individual,,,,,,,,,,,,,,
US,US,,,1,,,,,,,,US,,,1004,Individual,,,,,,,,,,,,,,
US,US,,,1,,,,,,,,US,,,1005,Individual,,,,,,,,,,,,,,
US,US,,,1,,,,,,,,US,,,1007,Individual,,,,,,,,,,,,,,
US,US,,,1,,,,,,,,US,,,1008,Individual,,,,,,,,,,,,,,
US,US,,,1,,,,,,,,US,,,1009,Individual,,,,,,,,,,,,,,
US,US,,,1,,,,,,,,US,,,1010,Individual,,,,,,,,,,,,,,
US,US,,,1,,,,,,,,US,,,1011,Individual,,,,,,,,,,,,,,
US,US,,,1,,,,,,,,US,,,1013,Individual,,,,,,,,,,,,,,
US,US,,,1,,,,,,,,US,,,1015,Individual,,,,,,,,,,,,,,
US,US,,,1,,,,,,,,US,,,1016,Individual,,,,,,,,,,,,,,
US,US,,,1,,,,,,,,US,,,1017,Individual,,,,,,,,,,,,,,
US,US,,,1,,,,,,,,US,,,1018,Individual,,,,,,,,,,,,,,
US,US,,,1,,,,,,,,US,,,1019,Individual,,,,,,,,,,,,,,
US,US,,,1,,,,,,,,US,,,1021,Individual,,,,,,,,,,,,,,
US,US,,,1,,,,,,,,US,,,1023,Individual,,,,,,,,,,,,,,
US,US,,,1,,,,,,,,US,,,1030,Individual,,,,,,,,,,,,,,
US,US,,,1,,,,,,,,US,,,1031,Individual,,,,,,,,,,,,,,
US,US,,,1,,,,,,,,US,,,1036,Individual,,,,,,,,,,,,,,
US,US,,,1,,,,,,,,US,,,1038,Individual,,,,,,,,,,,,,,
US,US,,,1,,,,,,,,US,,,1039,Individual,,,,,,,,,,,,,,
US,US,,,1,,,,,,,,US,,,1042,Individual,,,,,,,,,,,,,,
US,US,,,1,,,,,,,,US,,,1045,Individual,,,,,,,,,,,,,,
US,US,,,1,,,,,,,,US,,,1046,Individual,,,,,,,,,,,,,,
US,US,,,1,,,,,,,,US,,,1048,Individual,,,,,,,,,,,,,,
US,US,,,1,,,,,,,,US,,,1049,Individual,,,,,,,,,,,,,,
US,US,,,1,,,,,,,,US,,,1050,Individual,,,,,,,,,,,,,,
US,US,,,1,,,,,,,,US,,,1054,Individual,,,,,,,,,,,,,,
US,US,,,1,,,,,,,,US,,,1055,Individual,,,,,,,,,,,,,,
US,US,,,1,,,,,,,,US,,,1057,Individual,,,,,,,,,,,,,,
US,US,,,1,,,,,,,,US,,,1060,Individual,,,,,,,,,,,,,,
US,US,,,1,,,,,,,,US,,,1064,Individual,,,,,,,,,,,,,,
US,US,,,1,,,,,,,,US,,,1068,Individual,,,,,,,,,,,,,,
US,US,,,1,,,,,,,,US,,,1070,Individual,,,,,,,,,,,,,,
US,US,,,1,,,,,,,,US,,,1071,Individual,,,,,,,,,,,,,,
US,US,,,1,,,,,,,,US,,,1076,Individual,,,,,,,,,,,,,,
US,US,,,1,,,,,,,,US,,,1077,Individual,,,,,,,,,,,,,,
US,US,,,1,,,,,,,,US,,,1078,Individual,,,,,,,,,,,,,,
US,US,,,1,,,,,,,,US,,,1081,Individual,,,,,,,,,,,,,,
US,US,,,1,,,,,,,,US,,,1082,Individual,,,,,,,,,,,,,,
US,US,,,1,,,,,,,,US,,,1085,Individual,,,,,,,,,,,,,,
US,US,,,1,,,,,,,,US,,,1086,Individual,,,,,,,,,,,,,,
US,US,,,1,,,,,,,,US,,,1089,Individual,,,,,,,,,,,,,,
US,US,,,1,,,,,,,,US,,,1090,Individual,,,,,,,,,,,,,,
US,US,,,1,,,,,,,,US,,,1092,Individual,,,,,,,,,,,,,,
US,US,,,1,,,,,,,,US,,,1096,Individual,,,,,,,,,,,,,,
US,US,,,1,,,,,,,,US,,,1097,Individual,,,,,,,,,,,,,,
US,US,,,1,,,,,,,,US,,,1098,Individual,,,,,,,,,,,,,,
US,US,,,1,,,,,,,,US,,,1100,Individual,,,,,,,,,,,,,,
US,US,,,1,,,,,,,,US,,,1101,Individual,,,,,,,,,,,,,,
US,US,,,1,,,,,,,,US,,,1103,Individual,,,,,,,,,,,,,,
US,US,,,1,,,,,,,,US,,,1105,Individual,,,,,,,,,,,,,,
US,US,,,1,,,,,,,,US,,,1106,Individual,,,,,,,,,,,,,,
US,US,,,1,,,,,,,,US,,,1107,Individual,,,,,,,,,,,,,,
US,US,,,1,,,,,,,,US,,,1108,Individual,,,,,,,,,,,,,,
US,US,,,1,,,,,,,,US,,,1109,Individual,,,,,,,,,,,,,,
US,US,,,1,,,,,,,,US,,,1115,Individual,,,,,,,,,,,,,,
US,US,,,1,,,,,,,,US,,,1116,Individual,,,,,,,,,,,,,,
US,US,,,1,,,,,,,,US,,,1117,Individual,,,,,,,,,,,,,,
US,US,,,1,,,,,,,,US,,,1119,Individual,,,,,,,,,,,,,,
US,US,,,1,,,,,,,,US,,,1121,Individual,,,,,,,,,,,,,,
US,US,,,1,,,,,,,,US,,,1122,Individual,,,,,,,,,,,,,,
US,US,,,1,,,,,,,,US,,,1123,Individual,,,,,,,,,,,,,,
US,US,,,1,,,,,,,,US,,,1124,Individual,,,,,,,,,,,,,,
US,US,,,1,,,,,,,,US,,,1131,Individual,,,,,,,,,,,,,,
US,US,,,1,,,,,,,,US,,,1132,Individual,,,,,,,,,,,,,,
US,US,,,1,,,,,,,,US,,,1134,Individual,,,,,,,,,,,,,,
US,US,,,1,,,,,,,,US,,,1136,Individual,,,,,,,,,,,,,,
US,US,,,1,,,,,,,,US,,,1137,Individual,,,,,,,,,,,,,,
US,US,,,1,,,,,,,,US,,,1139,Individual,,,,,,,,,,,,,,
US,US,,,1,,,,,,,,US,,,1140,Individual,,,,,,,,,,,,,,
US,US,,,1,,,,,,,,US,,,1141,Individual,,,,,,,,,,,,,,
US,US,,,1,,,,,,,,US,,,1143,Individual,,,,,,,,,,,,,,
US,US,,,1,,,,,,,,US,,,1145,Individual,,,,,,,,,,,,,,
US,US,,,1,,,,,,,,US,,,1147,Individual,,,,,,,,,,,,,,
US,US,,,1,,,,,,,,US,,,1150,Individual,,,,,,,,,,,,,,
US,US,,,1,,,,,,,,US,,,1156,Individual,,,,,,,,,,,,,,
US,US,,,1,,,,,,,,US,,,1158,Individual,,,,,,,,,,,,,,
US,US,,,1,,,,,,,,US,,,1159,Individual,,,,,,,,,,,,,,
US,US,,,1,,,,,,,,US,,,1160,Individual,,,,,,,,,,,,,,
US,US,,,1,,,,,,,,US,,,1162,Individual,,,,,,,,,,,,,,
US,US,,,1,,,,,,,,US,,,1163,Individual,,,,,,,,,,,,,,
US,US,,,1,,,,,,,,US,,,1165,Individual,,,,,,,,,,,,,,
US,US,,,1,,,,,,,,US,,,1167,Individual,,,,,,,,,,,,,,
US,US,,,1,,,,,,,,US,,,1168,Individual,,,,,,,,,,,,,,
US,US,,,1,,,,,,,,US,,,1171,Individual,,,,,,,,,,,,,,
US,US,,,1,,,,,,,,US,,,1173,Individual,,,,,,,,,,,,,,
US,US,,,1,,,,,,,,US,,,1175,Individual,,,,,,,,,,,,,,
US,US,,,1,,,,,,,,US,,,1176,Individual,,,,,,,,,,,,,,
US,US,,,1,,,,,,,,US,,,1180,Individual,,,,,,,,,,,,,,
US,US,,,1,,,,,,,,US,,,1181,Individual,,,,,,,,,,,,,,
US,US,,,1,,,,,,,,US,,,1183,Individual,,,,,,,,,,,,,,
US,US,,,1,,,,,,,,US,,,1186,Individual,,,,,,,,,,,,,,
US,US,,,1,,,,,,,,US,,,1187,Individual,,,,,,,,,,,,,,
US,US,,,1,,,,,,,,US,,,1188,Individual,,,,,,,,,,,,,,
US,US,,,1,,,,,,,,US,,,1190,Individual,,,,,,,,,,,,,,
US,US,,,1,,,,,,,,US,,,1191,Individual,,,,,,,,,,,,,,
US,US,,,1,,,,,,,,US,,,1193,Individual,,,,,,,,,,,,,,
US,US,,,1,,,,,,,,US,,,1197,Individual,,,,,,,,,,,,,,
US,US,,,1,,,,,,,,US,,,1201,Individual,,,,,,,,,,,,,,
US,US,,,1,,,,,,,,US,,,1203,Individual,,,,,,,,,,,,,,
US,US,,,1,,,,,,,,US,,,1204,Individual,,,,,,,,,,,,,,
US,US,,,1,,,,,,,,US,,,1205,Individual,,,,,,,,,,,,,,
US,US,,,1,,,,,,,,US,,,1206,Individual,,,,,,,,,,,,,,
US,US,,,1,,,,,,,,US,,,1207,Individual,,,,,,,,,,,,,,
US,US,,,1,,,,,,,,US,,,1208,Individual,,,,,,,,,,,,,,
US,US,,,1,,,,,,,,US,,,1210,Individual,,,,,,,,,,,,,,
US,US,,,1,,,,,,,,US,,,1214,Individual,,,,,,,,,,,,,,
US,US,,,1,,,,,,,,US,,,1215,Individual,,,,,,,,,,,,,,
US,US,,,1,,,,,,,,US,,,1216,Individual,,,,,,,,,,,,,,
US,US,,,1,,,,,,,,US,,,1218,Individual,,,,,,,,,,,,,,
US,US,,,1,,,,,,,,US,,,1221,Individual,,,,,,,,,,,,,,
US,US,,,1,,,,,,,,US,,,1222,Individual,,,,,,,,,,,,,,
US,US,,,1,,,,,,,,US,,,1224,Individual,,,,,,,,,,,,,,
US,US,,,1,,,,,,,,US,,,1225,Individual,,,,,,,,,,,,,,
US,US,,,1,,,,,,,,US,,,1226,Individual,,,,,,,,,,,,,,
US,US,,,1,,,,,,,,US,,,1228,Individual,,,,,,,,,,,,,,
US,US,,,1,,,,,,,,US,,,1231,Individual,,,,,,,,,,,,,,
US,US,,,1,,,,,,,,US,,,1233,Individual,,,,,,,,,,,,,,
US,US,,,1,,,,,,,,US,,,1234,Individual,,,,,,,,,,,,,,
US,US,,,1,,,,,,,,US,,,1240,Individual,,,,,,,,,,,,,,
US,US,,,1,,,,,,,,US,,,1241,Individual,,,,,,,,,,,,,,
US,US,,,1,,,,,,,,US,,,1242,Individual,,,,,,,,,,,,,,
US,US,,,1,,,,,,,,US,,,1244,Individual,,,,,,,,,,,,,,
US,US,,,1,,,,,,,,US,,,1246,Individual,,,,,,,,,,,,,,
US,US,,,1,,,,,,,,US,,,1247,Individual,,,,,,,,,,,,,,
US,US,,,1,,,,,,,,US,,,1248,Individual,,,,,,,,,,,,,,
US,US,,,1,,,,,,,,US,,,1249,Individual,,,,,,,,,,,,,,
US,US,,,1,,,,,,,,US,,,1252,Individual,,,,,,,,,,,,,,
US,US,,,1,,,,,,,,US,,,1253,Individual,,,,,,,,,,,,,,
US,US,,,1,,,,,,,,US,,,1255,Individual,,,,,,,,,,,,,,
US,US,,,1,,,,,,,,US,,,1256,Individual,,,,,,,,,,,,,,
US,US,,,1,,,,,,,,US,,,1257,Individual,,,,,,,,,,,,,,
US,US,,,1,,,,,,,,US,,,1262,Individual,,,,,,,,,,,,,,
US,US,,,1,,,,,,,,US,,,1263,Individual,,,,,,,,,,,,,,
US,US,,,1,,,,,,,,US,,,1265,Individual,,,,,,,,,,,,,,
US,US,,,1,,,,,,,,US,,,1268,Individual,,,,,,,,,,,,,,
US,US,,,1,,,,,,,,US,,,1269,Individual,,,,,,,,,,,,,,
US,US,,,1,,,,,,,,US,,,1270,Individual,,,,,,,,,,,,,,
US,US,,,1,,,,,,,,US,,,1274,Individual,,,,,,,,,,,,,,
US,US,,,1,,,,,,,,US,,,1275,Individual,,,,,,,,,,,,,,
US,US,,,1,,,,,,,,US,,,1277,Individual,,,,,,,,,,,,,,
US,US,,,1,,,,,,,,US,,,1280,Individual,,,,,,,,,,,,,,
US,US,,,1,,,,,,,,US,,,1282,Individual,,,,,,,,,,,,,,
US,US,,,1,,,,,,,,US,,,1283,Individual,,,,,,,,,,,,,,
US,US,,,1,,,,,,,,US,,,1284,Individual,,,,,,,,,,,,,,
US,US,,,1,,,,,,,,US,,,1287,Individual,,,,,,,,,,,,,,
US,US,,,1,,,,,,,,US,,,1290,Individual,,,,,,,,,,,,,,
US,US,,,1,,,,,,,,US,,,1295,Individual,,,,,,,,,,,,,,
US,US,,,1,,,,,,,,US,,,1296,Individual,,,,,,,,,,,,,,
US,US,,,1,,,,,,,,US,,,1297,Individual,,,,,,,,,,,,,,
US,US,,,1,,,,,,,,US,,,1298,Individual,,,,,,,,,,,,,,
US,US,,,1,,,,,,,,US,,,1299,Individual,,,,,,,,,,,,,,
US,US,,,1,,,,,,,,US,,,1301,Individual,,,,,,,,,,,,,,
US,US,,,1,,,,,,,,US,,,1305,Individual,,,,,,,,,,,,,,
US,US,,,1,,,,,,,,US,,,1308,Individual,,,,,,,,,,,,,,
US,US,,,1,,,,,,,,US,,,1310,Individual,,,,,,,,,,,,,,
US,US,,,1,,,,,,,,US,,,1312,Individual,,,,,,,,,,,,,,
US,US,,,1,,,,,,,,US,,,1316,Individual,,,,,,,,,,,,,,
US,US,,,1,,,,,,,,US,,,1318,Individual,,,,,,,,,,,,,,
US,US,,,1,,,,,,,,US,,,1322,Individual,,,,,,,,,,,,,,
US,US,,,1,,,,,,,,US,,,1323,Individual,,,,,,,,,,,,,,
US,US,,,1,,,,,,,,US,,,1324,Individual,,,,,,,,,,,,,,
US,US,,,1,,,,,,,,US,,,1326,Individual,,,,,,,,,,,,,,
US,US,,,1,,,,,,,,US,,,1328,Individual,,,,,,,,,,,,,,
US,US,,,1,,,,,,,,US,,,1329,Individual,,,,,,,,,,,,,,
US,US,,,1,,,,,,,,US,,,1332,Individual,,,,,,,,,,,,,,
US,US,,,1,,,,,,,,US,,,1333,Individual,,,,,,,,,,,,,,
US,US,,,1,,,,,,,,US,,,1334,Individual,,,,,,,,,,,,,,
US,US,,,1,,,,,,,,US,,,1338,Individual,,,,,,,,,,,,,,
US,US,,,1,,,,,,,,US,,,1344,Individual,,,,,,,,,,,,,,
US,US,,,1,,,,,,,,US,,,1347,Individual,,,,,,,,,,,,,,
US,US,,,1,,,,,,,,US,,,1348,Individual,,,,,,,,,,,,,,
US,US,,,1,,,,,,,,US,,,1354,Individual,,,,,,,,,,,,,,
US,US,,,1,,,,,,,,US,,,1356,Individual,,,,,,,,,,,,,,
US,US,,,1,,,,,,,,US,,,1358,Individual,,,,,,,,,,,,,,
US,US,,,1,,,,,,,,US,,,1361,Individual,,,,,,,,,,,,,,
US,US,,,1,,,,,,,,US,,,1367,Individual,,,,,,,,,,,,,,
US,US,,,1,,,,,,,,US,,,1370,Individual,,,,,,,,,,,,,,
US,US,,,1,,,,,,,,US,,,1371,Individual,,,,,,,,,,,,,,
US,US,,,1,,,,,,,,US,,,1373,Individual,,,,,,,,,,,,,,
US,US,,,1,,,,,,,,US,,,1374,Individual,,,,,,,,,,,,,,
US,US,,,1,,,,,,,,US,,,1375,Individual,,,,,,,,,,,,,,
US,US,,,1,,,,,,,,US,,,1379,Individual,,,,,,,,,,,,,,
US,US,,,1,,,,,,,,US,,,1380,Individual,,,,,,,,,,,,,,
US,US,,,1,,,,,,,,US,,,1382,Individual,,,,,,,,,,,,,,
US,US,,,1,,,,,,,,US,,,1384,Individual,,,,,,,,,,,,,,
US,US,,,1,,,,,,,,US,,,1386,Individual,,,,,,,,,,,,,,
US,US,,,1,,,,,,,,US,,,1388,Individual,,,,,,,,,,,,,,
US,US,,,1,,,,,,,,US,,,1389,Individual,,,,,,,,,,,,,,
US,US,,,1,,,,,,,,US,,,1392,Individual,,,,,,,,,,,,,,
US,US,,,1,,,,,,,,US,,,1394,Individual,,,,,,,,,,,,,,
US,US,,,1,,,,,,,,US,,,1397,Individual,,,,,,,,,,,,,,
US,US,,,1,,,,,,,,US,,,1399,Individual,,,,,,,,,,,,,,
US,US,,,1,,,,,,,,US,,,1401,Individual,,,,,,,,,,,,,,
US,US,,,1,,,,,,,,US,,,1402,Individual,,,,,,,,,,,,,,
US,US,,,1,,,,,,,,US,,,1403,Individual,,,,,,,,,,,,,,
US,US,,,1,,,,,,,,US,,,1404,Individual,,,,,,,,,,,,,,
US,US,,,1,,,,,,,,US,,,1405,Individual,,,,,,,,,,,,,,
US,US,,,1,,,,,,,,US,,,1406,Individual,,,,,,,,,,,,,,
US,US,,,1,,,,,,,,US,,,1408,Individual,,,,,,,,,,,,,,
US,US,,,1,,,,,,,,US,,,1409,Individual,,,,,,,,,,,,,,
US,US,,,1,,,,,,,,US,,,1412,Individual,,,,,,,,,,,,,,
US,US,,,1,,,,,,,,US,,,1415,Individual,,,,,,,,,,,,,,
US,US,,,1,,,,,,,,US,,,1417,Individual,,,,,,,,,,,,,,
US,US,,,1,,,,,,,,US,,,1418,Individual,,,,,,,,,,,,,,
US,US,,,1,,,,,,,,US,,,1419,Individual,,,,,,,,,,,,,,
US,US,,,1,,,,,,,,US,,,1420,Individual,,,,,,,,,,,,,,
US,US,,,1,,,,,,,,US,,,1422,Individual,,,,,,,,,,,,,,
US,US,,,1,,,,,,,,US,,,1423,Individual,,,,,,,,,,,,,,
US,US,,,1,,,,,,,,US,,,1424,Individual,,,,,,,,,,,,,,
US,US,,,1,,,,,,,,US,,,1426,Individual,,,,,,,,,,,,,,
US,US,,,1,,,,,,,,US,,,1427,Individual,,,,,,,,,,,,,,
US,US,,,1,,,,,,,,US,,,1428,Individual,,,,,,,,,,,,,,
US,US,,,1,,,,,,,,US,,,1429,Individual,,,,,,,,,,,,,,
US,US,,,1,,,,,,,,US,,,1432,Individual,,,,,,,,,,,,,,
US,US,,,1,,,,,,,,US,,,1433,Individual,,,,,,,,,,,,,,
US,US,,,1,,,,,,,,US,,,1440,Individual,,,,,,,,,,,,,,
US,US,,,1,,,,,,,,US,,,1441,Individual,,,,,,,,,,,,,,
US,US,,,1,,,,,,,,US,,,1442,Individual,,,,,,,,,,,,,,
US,US,,,1,,,,,,,,US,,,1445,Individual,,,,,,,,,,,,,,
