birthPlaceCountry,countryOfIncorporation,countryOfResidency,deathTime,firstName,isActive,lastName,legalName,listedCompany,maritalStatus,middleName,name,nameAlias,nationality,occupation,organizationSymbol,partyId,partyType,sourceOfIncome,title,website,gender,homePhone,alternatePhone,cellPhone,primaryPhone,workPhone,alternateEmail,companyEmail,personalEmail,workEmail,isIndividual
US,US,US,,,,,,,,,,,US,,,2,Organization,,,,,,,,,,,,,,False
US,US,US,,,,,,,,,,,US,,,7,Organization,,,,,,,,,,,,,,False
US,US,US,,,,,,,,,,,US,,,9,Organization,,,,,,,,,,,,,,False
US,US,US,,,,,,,,,,,US,,,12,Organization,,,,,,,,,,,,,,False
US,US,US,,,,,,,,,,,US,,,15,Organization,,,,,,,,,,,,,,False
US,US,US,,,,,,,,,,,US,,,16,Organization,,,,,,,,,,,,,,False
US,US,US,,,,,,,,,,,US,,,17,Organization,,,,,,,,,,,,,,False
US,US,US,,,,,,,,,,,US,,,19,Organization,,,,,,,,,,,,,,False
US,US,US,,,,,,,,,,,US,,,20,Organization,,,,,,,,,,,,,,False
US,US,US,,,,,,,,,,,US,,,21,Organization,,,,,,,,,,,,,,False
US,US,US,,,,,,,,,,,US,,,24,Organization,,,,,,,,,,,,,,False
US,US,US,,,,,,,,,,,US,,,26,Organization,,,,,,,,,,,,,,False
US,US,US,,,,,,,,,,,US,,,28,Organization,,,,,,,,,,,,,,False
US,US,US,,,,,,,,,,,US,,,29,Organization,,,,,,,,,,,,,,False
US,US,US,,,,,,,,,,,US,,,31,Organization,,,,,,,,,,,,,,False
US,US,US,,,,,,,,,,,US,,,32,Organization,,,,,,,,,,,,,,False
US,US,US,,,,,,,,,,,US,,,34,Organization,,,,,,,,,,,,,,False
US,US,US,,,,,,,,,,,US,,,36,Organization,,,,,,,,,,,,,,False
US,US,US,,,,,,,,,,,US,,,39,Organization,,,,,,,,,,,,,,False
US,US,US,,,,,,,,,,,US,,,41,Organization,,,,,,,,,,,,,,False
US,US,US,,,,,,,,,,,US,,,42,Organization,,,,,,,,,,,,,,False
US,US,US,,,,,,,,,,,US,,,46,Organization,,,,,,,,,,,,,,False
US,US,US,,,,,,,,,,,US,,,48,Organization,,,,,,,,,,,,,,False
US,US,US,,,,,,,,,,,US,,,52,Organization,,,,,,,,,,,,,,False
US,US,US,,,,,,,,,,,US,,,53,Organization,,,,,,,,,,,,,,False
US,US,US,,,,,,,,,,,US,,,55,Organization,,,,,,,,,,,,,,False
US,US,US,,,,,,,,,,,US,,,56,Organization,,,,,,,,,,,,,,False
US,US,US,,,,,,,,,,,US,,,58,Organization,,,,,,,,,,,,,,False
US,US,US,,,,,,,,,,,US,,,63,Organization,,,,,,,,,,,,,,False
US,US,US,,,,,,,,,,,US,,,65,Organization,,,,,,,,,,,,,,False
US,US,US,,,,,,,,,,,US,,,66,Organization,,,,,,,,,,,,,,False
US,US,US,,,,,,,,,,,US,,,69,Organization,,,,,,,,,,,,,,False
US,US,US,,,,,,,,,,,US,,,74,Organization,,,,,,,,,,,,,,False
US,US,US,,,,,,,,,,,US,,,75,Organization,,,,,,,,,,,,,,False
US,US,US,,,,,,,,,,,US,,,76,Organization,,,,,,,,,,,,,,False
US,US,US,,,,,,,,,,,US,,,77,Organization,,,,,,,,,,,,,,False
US,US,US,,,,,,,,,,,US,,,78,Organization,,,,,,,,,,,,,,False
US,US,US,,,,,,,,,,,US,,,81,Organization,,,,,,,,,,,,,,False
US,US,US,,,,,,,,,,,US,,,82,Organization,,,,,,,,,,,,,,False
US,US,US,,,,,,,,,,,US,,,83,Organization,,,,,,,,,,,,,,False
US,US,US,,,,,,,,,,,US,,,86,Organization,,,,,,,,,,,,,,False
US,US,US,,,,,,,,,,,US,,,87,Organization,,,,,,,,,,,,,,False
US,US,US,,,,,,,,,,,US,,,89,Organization,,,,,,,,,,,,,,False
US,US,US,,,,,,,,,,,US,,,90,Organization,,,,,,,,,,,,,,False
US,US,US,,,,,,,,,,,US,,,91,Organization,,,,,,,,,,,,,,False
US,US,US,,,,,,,,,,,US,,,92,Organization,,,,,,,,,,,,,,False
US,US,US,,,,,,,,,,,US,,,94,Organization,,,,,,,,,,,,,,False
US,US,US,,,,,,,,,,,US,,,98,Organization,,,,,,,,,,,,,,False
US,US,US,,,,,,,,,,,US,,,100,Organization,,,,,,,,,,,,,,False
US,US,US,,,,,,,,,,,US,,,101,Organization,,,,,,,,,,,,,,False
US,US,US,,,,,,,,,,,US,,,103,Organization,,,,,,,,,,,,,,False
US,US,US,,,,,,,,,,,US,,,104,Organization,,,,,,,,,,,,,,False
US,US,US,,,,,,,,,,,US,,,105,Organization,,,,,,,,,,,,,,False
US,US,US,,,,,,,,,,,US,,,108,Organization,,,,,,,,,,,,,,False
US,US,US,,,,,,,,,,,US,,,109,Organization,,,,,,,,,,,,,,False
US,US,US,,,,,,,,,,,US,,,111,Organization,,,,,,,,,,,,,,False
US,US,US,,,,,,,,,,,US,,,112,Organization,,,,,,,,,,,,,,False
US,US,US,,,,,,,,,,,US,,,113,Organization,,,,,,,,,,,,,,False
US,US,US,,,,,,,,,,,US,,,114,Organization,,,,,,,,,,,,,,False
US,US,US,,,,,,,,,,,US,,,116,Organization,,,,,,,,,,,,,,False
US,US,US,,,,,,,,,,,US,,,121,Organization,,,,,,,,,,,,,,False
US,US,US,,,,,,,,,,,US,,,122,Organization,,,,,,,,,,,,,,False
US,US,US,,,,,,,,,,,US,,,124,Organization,,,,,,,,,,,,,,False
US,US,US,,,,,,,,,,,US,,,126,Organization,,,,,,,,,,,,,,False
US,US,US,,,,,,,,,,,US,,,127,Organization,,,,,,,,,,,,,,False
US,US,US,,,,,,,,,,,US,,,130,Organization,,,,,,,,,,,,,,False
US,US,US,,,,,,,,,,,US,,,134,Organization,,,,,,,,,,,,,,False
US,US,US,,,,,,,,,,,US,,,135,Organization,,,,,,,,,,,,,,False
US,US,US,,,,,,,,,,,US,,,136,Organization,,,,,,,,,,,,,,False
US,US,US,,,,,,,,,,,US,,,137,Organization,,,,,,,,,,,,,,False
US,US,US,,,,,,,,,,,US,,,138,Organization,,,,,,,,,,,,,,False
US,US,US,,,,,,,,,,,US,,,139,Organization,,,,,,,,,,,,,,False
US,US,US,,,,,,,,,,,US,,,141,Organization,,,,,,,,,,,,,,False
US,US,US,,,,,,,,,,,US,,,142,Organization,,,,,,,,,,,,,,False
US,US,US,,,,,,,,,,,US,,,143,Organization,,,,,,,,,,,,,,False
US,US,US,,,,,,,,,,,US,,,145,Organization,,,,,,,,,,,,,,False
US,US,US,,,,,,,,,,,US,,,147,Organization,,,,,,,,,,,,,,False
US,US,US,,,,,,,,,,,US,,,148,Organization,,,,,,,,,,,,,,False
US,US,US,,,,,,,,,,,US,,,151,Organization,,,,,,,,,,,,,,False
US,US,US,,,,,,,,,,,US,,,152,Organization,,,,,,,,,,,,,,False
US,US,US,,,,,,,,,,,US,,,153,Organization,,,,,,,,,,,,,,False
US,US,US,,,,,,,,,,,US,,,154,Organization,,,,,,,,,,,,,,False
US,US,US,,,,,,,,,,,US,,,156,Organization,,,,,,,,,,,,,,False
US,US,US,,,,,,,,,,,US,,,157,Organization,,,,,,,,,,,,,,False
US,US,US,,,,,,,,,,,US,,,158,Organization,,,,,,,,,,,,,,False
US,US,US,,,,,,,,,,,US,,,159,Organization,,,,,,,,,,,,,,False
US,US,US,,,,,,,,,,,US,,,161,Organization,,,,,,,,,,,,,,False
US,US,US,,,,,,,,,,,US,,,163,Organization,,,,,,,,,,,,,,False
US,US,US,,,,,,,,,,,US,,,164,Organization,,,,,,,,,,,,,,False
US,US,US,,,,,,,,,,,US,,,165,Organization,,,,,,,,,,,,,,False
US,US,US,,,,,,,,,,,US,,,166,Organization,,,,,,,,,,,,,,False
US,US,US,,,,,,,,,,,US,,,167,Organization,,,,,,,,,,,,,,False
US,US,US,,,,,,,,,,,US,,,168,Organization,,,,,,,,,,,,,,False
US,US,US,,,,,,,,,,,US,,,169,Organization,,,,,,,,,,,,,,False
US,US,US,,,,,,,,,,,US,,,171,Organization,,,,,,,,,,,,,,False
US,US,US,,,,,,,,,,,US,,,172,Organization,,,,,,,,,,,,,,False
US,US,US,,,,,,,,,,,US,,,175,Organization,,,,,,,,,,,,,,False
US,US,US,,,,,,,,,,,US,,,177,Organization,,,,,,,,,,,,,,False
US,US,US,,,,,,,,,,,US,,,179,Organization,,,,,,,,,,,,,,False
US,US,US,,,,,,,,,,,US,,,182,Organization,,,,,,,,,,,,,,False
US,US,US,,,,,,,,,,,US,,,183,Organization,,,,,,,,,,,,,,False
US,US,US,,,,,,,,,,,US,,,186,Organization,,,,,,,,,,,,,,False
US,US,US,,,,,,,,,,,US,,,187,Organization,,,,,,,,,,,,,,False
US,US,US,,,,,,,,,,,US,,,188,Organization,,,,,,,,,,,,,,False
US,US,US,,,,,,,,,,,US,,,190,Organization,,,,,,,,,,,,,,False
US,US,US,,,,,,,,,,,US,,,191,Organization,,,,,,,,,,,,,,False
US,US,US,,,,,,,,,,,US,,,192,Organization,,,,,,,,,,,,,,False
US,US,US,,,,,,,,,,,US,,,195,Organization,,,,,,,,,,,,,,False
US,US,US,,,,,,,,,,,US,,,197,Organization,,,,,,,,,,,,,,False
US,US,US,,,,,,,,,,,US,,,198,Organization,,,,,,,,,,,,,,False
US,US,US,,,,,,,,,,,US,,,200,Organization,,,,,,,,,,,,,,False
US,US,US,,,,,,,,,,,US,,,201,Organization,,,,,,,,,,,,,,False
US,US,US,,,,,,,,,,,US,,,202,Organization,,,,,,,,,,,,,,False
US,US,US,,,,,,,,,,,US,,,203,Organization,,,,,,,,,,,,,,False
US,US,US,,,,,,,,,,,US,,,204,Organization,,,,,,,,,,,,,,False
US,US,US,,,,,,,,,,,US,,,206,Organization,,,,,,,,,,,,,,False
US,US,US,,,,,,,,,,,US,,,207,Organization,,,,,,,,,,,,,,False
US,US,US,,,,,,,,,,,US,,,208,Organization,,,,,,,,,,,,,,False
US,US,US,,,,,,,,,,,US,,,209,Organization,,,,,,,,,,,,,,False
US,US,US,,,,,,,,,,,US,,,212,Organization,,,,,,,,,,,,,,False
US,US,US,,,,,,,,,,,US,,,216,Organization,,,,,,,,,,,,,,False
US,US,US,,,,,,,,,,,US,,,218,Organization,,,,,,,,,,,,,,False
US,US,US,,,,,,,,,,,US,,,219,Organization,,,,,,,,,,,,,,False
US,US,US,,,,,,,,,,,US,,,220,Organization,,,,,,,,,,,,,,False
US,US,US,,,,,,,,,,,US,,,223,Organization,,,,,,,,,,,,,,False
US,US,US,,,,,,,,,,,US,,,224,Organization,,,,,,,,,,,,,,False
US,US,US,,,,,,,,,,,US,,,225,Organization,,,,,,,,,,,,,,False
US,US,US,,,,,,,,,,,US,,,230,Organization,,,,,,,,,,,,,,False
US,US,US,,,,,,,,,,,US,,,232,Organization,,,,,,,,,,,,,,False
US,US,US,,,,,,,,,,,US,,,233,Organization,,,,,,,,,,,,,,False
US,US,US,,,,,,,,,,,US,,,234,Organization,,,,,,,,,,,,,,False
US,US,US,,,,,,,,,,,US,,,235,Organization,,,,,,,,,,,,,,False
US,US,US,,,,,,,,,,,US,,,236,Organization,,,,,,,,,,,,,,False
US,US,US,,,,,,,,,,,US,,,237,Organization,,,,,,,,,,,,,,False
US,US,US,,,,,,,,,,,US,,,239,Organization,,,,,,,,,,,,,,False
US,US,US,,,,,,,,,,,US,,,241,Organization,,,,,,,,,,,,,,False
US,US,US,,,,,,,,,,,US,,,244,Organization,,,,,,,,,,,,,,False
US,US,US,,,,,,,,,,,US,,,250,Organization,,,,,,,,,,,,,,False
US,US,US,,,,,,,,,,,US,,,251,Organization,,,,,,,,,,,,,,False
US,US,US,,,,,,,,,,,US,,,252,Organization,,,,,,,,,,,,,,False
US,US,US,,,,,,,,,,,US,,,253,Organization,,,,,,,,,,,,,,False
US,US,US,,,,,,,,,,,US,,,256,Organization,,,,,,,,,,,,,,False
US,US,US,,,,,,,,,,,US,,,258,Organization,,,,,,,,,,,,,,False
US,US,US,,,,,,,,,,,US,,,259,Organization,,,,,,,,,,,,,,False
US,US,US,,,,,,,,,,,US,,,260,Organization,,,,,,,,,,,,,,False
US,US,US,,,,,,,,,,,US,,,262,Organization,,,,,,,,,,,,,,False
US,US,US,,,,,,,,,,,US,,,265,Organization,,,,,,,,,,,,,,False
US,US,US,,,,,,,,,,,US,,,270,Organization,,,,,,,,,,,,,,False
US,US,US,,,,,,,,,,,US,,,271,Organization,,,,,,,,,,,,,,False
US,US,US,,,,,,,,,,,US,,,274,Organization,,,,,,,,,,,,,,False
US,US,US,,,,,,,,,,,US,,,275,Organization,,,,,,,,,,,,,,False
US,US,US,,,,,,,,,,,US,,,277,Organization,,,,,,,,,,,,,,False
US,US,US,,,,,,,,,,,US,,,282,Organization,,,,,,,,,,,,,,False
US,US,US,,,,,,,,,,,US,,,285,Organization,,,,,,,,,,,,,,False
US,US,US,,,,,,,,,,,US,,,287,Organization,,,,,,,,,,,,,,False
US,US,US,,,,,,,,,,,US,,,288,Organization,,,,,,,,,,,,,,False
US,US,US,,,,,,,,,,,US,,,289,Organization,,,,,,,,,,,,,,False
US,US,US,,,,,,,,,,,US,,,290,Organization,,,,,,,,,,,,,,False
US,US,US,,,,,,,,,,,US,,,291,Organization,,,,,,,,,,,,,,False
US,US,US,,,,,,,,,,,US,,,293,Organization,,,,,,,,,,,,,,False
US,US,US,,,,,,,,,,,US,,,296,Organization,,,,,,,,,,,,,,False
US,US,US,,,,,,,,,,,US,,,300,Organization,,,,,,,,,,,,,,False
US,US,US,,,,,,,,,,,US,,,301,Organization,,,,,,,,,,,,,,False
US,US,US,,,,,,,,,,,US,,,304,Organization,,,,,,,,,,,,,,False
US,US,US,,,,,,,,,,,US,,,306,Organization,,,,,,,,,,,,,,False
US,US,US,,,,,,,,,,,US,,,308,Organization,,,,,,,,,,,,,,False
US,US,US,,,,,,,,,,,US,,,309,Organization,,,,,,,,,,,,,,False
US,US,US,,,,,,,,,,,US,,,312,Organization,,,,,,,,,,,,,,False
US,US,US,,,,,,,,,,,US,,,315,Organization,,,,,,,,,,,,,,False
US,US,US,,,,,,,,,,,US,,,318,Organization,,,,,,,,,,,,,,False
US,US,US,,,,,,,,,,,US,,,319,Organization,,,,,,,,,,,,,,False
US,US,US,,,,,,,,,,,US,,,320,Organization,,,,,,,,,,,,,,False
US,US,US,,,,,,,,,,,US,,,322,Organization,,,,,,,,,,,,,,False
US,US,US,,,,,,,,,,,US,,,324,Organization,,,,,,,,,,,,,,False
US,US,US,,,,,,,,,,,US,,,325,Organization,,,,,,,,,,,,,,False
US,US,US,,,,,,,,,,,US,,,326,Organization,,,,,,,,,,,,,,False
US,US,US,,,,,,,,,,,US,,,328,Organization,,,,,,,,,,,,,,False
US,US,US,,,,,,,,,,,US,,,329,Organization,,,,,,,,,,,,,,False
US,US,US,,,,,,,,,,,US,,,330,Organization,,,,,,,,,,,,,,False
US,US,US,,,,,,,,,,,US,,,331,Organization,,,,,,,,,,,,,,False
US,US,US,,,,,,,,,,,US,,,335,Organization,,,,,,,,,,,,,,False
US,US,US,,,,,,,,,,,US,,,341,Organization,,,,,,,,,,,,,,False
US,US,US,,,,,,,,,,,US,,,345,Organization,,,,,,,,,,,,,,False
US,US,US,,,,,,,,,,,US,,,346,Organization,,,,,,,,,,,,,,False
US,US,US,,,,,,,,,,,US,,,347,Organization,,,,,,,,,,,,,,False
US,US,US,,,,,,,,,,,US,,,348,Organization,,,,,,,,,,,,,,False
US,US,US,,,,,,,,,,,US,,,349,Organization,,,,,,,,,,,,,,False
US,US,US,,,,,,,,,,,US,,,350,Organization,,,,,,,,,,,,,,False
US,US,US,,,,,,,,,,,US,,,353,Organization,,,,,,,,,,,,,,False
US,US,US,,,,,,,,,,,US,,,354,Organization,,,,,,,,,,,,,,False
US,US,US,,,,,,,,,,,US,,,357,Organization,,,,,,,,,,,,,,False
US,US,US,,,,,,,,,,,US,,,359,Organization,,,,,,,,,,,,,,False
US,US,US,,,,,,,,,,,US,,,360,Organization,,,,,,,,,,,,,,False
US,US,US,,,,,,,,,,,US,,,361,Organization,,,,,,,,,,,,,,False
US,US,US,,,,,,,,,,,US,,,365,Organization,,,,,,,,,,,,,,False
US,US,US,,,,,,,,,,,US,,,367,Organization,,,,,,,,,,,,,,False
US,US,US,,,,,,,,,,,US,,,368,Organization,,,,,,,,,,,,,,False
US,US,US,,,,,,,,,,,US,,,371,Organization,,,,,,,,,,,,,,False
US,US,US,,,,,,,,,,,US,,,372,Organization,,,,,,,,,,,,,,False
US,US,US,,,,,,,,,,,US,,,373,Organization,,,,,,,,,,,,,,False
US,US,US,,,,,,,,,,,US,,,374,Organization,,,,,,,,,,,,,,False
US,US,US,,,,,,,,,,,US,,,375,Organization,,,,,,,,,,,,,,False
US,US,US,,,,,,,,,,,US,,,377,Organization,,,,,,,,,,,,,,False
US,US,US,,,,,,,,,,,US,,,378,Organization,,,,,,,,,,,,,,False
US,US,US,,,,,,,,,,,US,,,380,Organization,,,,,,,,,,,,,,False
US,US,US,,,,,,,,,,,US,,,381,Organization,,,,,,,,,,,,,,False
US,US,US,,,,,,,,,,,US,,,384,Organization,,,,,,,,,,,,,,False
US,US,US,,,,,,,,,,,US,,,389,Organization,,,,,,,,,,,,,,False
US,US,US,,,,,,,,,,,US,,,394,Organization,,,,,,,,,,,,,,False
US,US,US,,,,,,,,,,,US,,,400,Organization,,,,,,,,,,,,,,False
US,US,US,,,,,,,,,,,US,,,401,Organization,,,,,,,,,,,,,,False
US,US,US,,,,,,,,,,,US,,,402,Organization,,,,,,,,,,,,,,False
US,US,US,,,,,,,,,,,US,,,403,Organization,,,,,,,,,,,,,,False
US,US,US,,,,,,,,,,,US,,,404,Organization,,,,,,,,,,,,,,False
US,US,US,,,,,,,,,,,US,,,406,Organization,,,,,,,,,,,,,,False
US,US,US,,,,,,,,,,,US,,,407,Organization,,,,,,,,,,,,,,False
US,US,US,,,,,,,,,,,US,,,410,Organization,,,,,,,,,,,,,,False
US,US,US,,,,,,,,,,,US,,,412,Organization,,,,,,,,,,,,,,False
US,US,US,,,,,,,,,,,US,,,415,Organization,,,,,,,,,,,,,,False
US,US,US,,,,,,,,,,,US,,,416,Organization,,,,,,,,,,,,,,False
US,US,US,,,,,,,,,,,US,,,417,Organization,,,,,,,,,,,,,,False
US,US,US,,,,,,,,,,,US,,,419,Organization,,,,,,,,,,,,,,False
US,US,US,,,,,,,,,,,US,,,421,Organization,,,,,,,,,,,,,,False
US,US,US,,,,,,,,,,,US,,,422,Organization,,,,,,,,,,,,,,False
US,US,US,,,,,,,,,,,US,,,423,Organization,,,,,,,,,,,,,,False
US,US,US,,,,,,,,,,,US,,,425,Organization,,,,,,,,,,,,,,False
US,US,US,,,,,,,,,,,US,,,426,Organization,,,,,,,,,,,,,,False
US,US,US,,,,,,,,,,,US,,,428,Organization,,,,,,,,,,,,,,False
US,US,US,,,,,,,,,,,US,,,429,Organization,,,,,,,,,,,,,,False
US,US,US,,,,,,,,,,,US,,,431,Organization,,,,,,,,,,,,,,False
US,US,US,,,,,,,,,,,US,,,433,Organization,,,,,,,,,,,,,,False
US,US,US,,,,,,,,,,,US,,,435,Organization,,,,,,,,,,,,,,False
US,US,US,,,,,,,,,,,US,,,436,Organization,,,,,,,,,,,,,,False
US,US,US,,,,,,,,,,,US,,,438,Organization,,,,,,,,,,,,,,False
US,US,US,,,,,,,,,,,US,,,439,Organization,,,,,,,,,,,,,,False
US,US,US,,,,,,,,,,,US,,,440,Organization,,,,,,,,,,,,,,False
US,US,US,,,,,,,,,,,US,,,442,Organization,,,,,,,,,,,,,,False
US,US,US,,,,,,,,,,,US,,,444,Organization,,,,,,,,,,,,,,False
US,US,US,,,,,,,,,,,US,,,451,Organization,,,,,,,,,,,,,,False
US,US,US,,,,,,,,,,,US,,,452,Organization,,,,,,,,,,,,,,False
US,US,US,,,,,,,,,,,US,,,455,Organization,,,,,,,,,,,,,,False
US,US,US,,,,,,,,,,,US,,,458,Organization,,,,,,,,,,,,,,False
US,US,US,,,,,,,,,,,US,,,459,Organization,,,,,,,,,,,,,,False
US,US,US,,,,,,,,,,,US,,,460,Organization,,,,,,,,,,,,,,False
US,US,US,,,,,,,,,,,US,,,462,Organization,,,,,,,,,,,,,,False
US,US,US,,,,,,,,,,,US,,,463,Organization,,,,,,,,,,,,,,False
US,US,US,,,,,,,,,,,US,,,464,Organization,,,,,,,,,,,,,,False
US,US,US,,,,,,,,,,,US,,,465,Organization,,,,,,,,,,,,,,False
US,US,US,,,,,,,,,,,US,,,467,Organization,,,,,,,,,,,,,,False
US,US,US,,,,,,,,,,,US,,,468,Organization,,,,,,,,,,,,,,False
US,US,US,,,,,,,,,,,US,,,469,Organization,,,,,,,,,,,,,,False
US,US,US,,,,,,,,,,,US,,,473,Organization,,,,,,,,,,,,,,False
US,US,US,,,,,,,,,,,US,,,475,Organization,,,,,,,,,,,,,,False
US,US,US,,,,,,,,,,,US,,,476,Organization,,,,,,,,,,,,,,False
US,US,US,,,,,,,,,,,US,,,477,Organization,,,,,,,,,,,,,,False
US,US,US,,,,,,,,,,,US,,,478,Organization,,,,,,,,,,,,,,False
US,US,US,,,,,,,,,,,US,,,479,Organization,,,,,,,,,,,,,,False
US,US,US,,,,,,,,,,,US,,,481,Organization,,,,,,,,,,,,,,False
US,US,US,,,,,,,,,,,US,,,482,Organization,,,,,,,,,,,,,,False
US,US,US,,,,,,,,,,,US,,,483,Organization,,,,,,,,,,,,,,False
US,US,US,,,,,,,,,,,US,,,486,Organization,,,,,,,,,,,,,,False
US,US,US,,,,,,,,,,,US,,,488,Organization,,,,,,,,,,,,,,False
US,US,US,,,,,,,,,,,US,,,494,Organization,,,,,,,,,,,,,,False
US,US,US,,,,,,,,,,,US,,,495,Organization,,,,,,,,,,,,,,False
US,US,US,,,,,,,,,,,US,,,499,Organization,,,,,,,,,,,,,,False
US,US,US,,,,,,,,,,,US,,,500,Organization,,,,,,,,,,,,,,False
US,US,US,,,,,,,,,,,US,,,504,Organization,,,,,,,,,,,,,,False
US,US,US,,,,,,,,,,,US,,,505,Organization,,,,,,,,,,,,,,False
US,US,US,,,,,,,,,,,US,,,506,Organization,,,,,,,,,,,,,,False
US,US,US,,,,,,,,,,,US,,,507,Organization,,,,,,,,,,,,,,False
US,US,US,,,,,,,,,,,US,,,509,Organization,,,,,,,,,,,,,,False
US,US,US,,,,,,,,,,,US,,,511,Organization,,,,,,,,,,,,,,False
US,US,US,,,,,,,,,,,US,,,513,Organization,,,,,,,,,,,,,,False
US,US,US,,,,,,,,,,,US,,,514,Organization,,,,,,,,,,,,,,False
US,US,US,,,,,,,,,,,US,,,517,Organization,,,,,,,,,,,,,,False
US,US,US,,,,,,,,,,,US,,,520,Organization,,,,,,,,,,,,,,False
US,US,US,,,,,,,,,,,US,,,525,Organization,,,,,,,,,,,,,,False
US,US,US,,,,,,,,,,,US,,,526,Organization,,,,,,,,,,,,,,False
US,US,US,,,,,,,,,,,US,,,527,Organization,,,,,,,,,,,,,,False
US,US,US,,,,,,,,,,,US,,,529,Organization,,,,,,,,,,,,,,False
US,US,US,,,,,,,,,,,US,,,531,Organization,,,,,,,,,,,,,,False
US,US,US,,,,,,,,,,,US,,,534,Organization,,,,,,,,,,,,,,False
US,US,US,,,,,,,,,,,US,,,535,Organization,,,,,,,,,,,,,,False
US,US,US,,,,,,,,,,,US,,,537,Organization,,,,,,,,,,,,,,False
US,US,US,,,,,,,,,,,US,,,540,Organization,,,,,,,,,,,,,,False
US,US,US,,,,,,,,,,,US,,,541,Organization,,,,,,,,,,,,,,False
US,US,US,,,,,,,,,,,US,,,542,Organization,,,,,,,,,,,,,,False
US,US,US,,,,,,,,,,,US,,,545,Organization,,,,,,,,,,,,,,False
US,US,US,,,,,,,,,,,US,,,547,Organization,,,,,,,,,,,,,,False
US,US,US,,,,,,,,,,,US,,,550,Organization,,,,,,,,,,,,,,False
US,US,US,,,,,,,,,,,US,,,551,Organization,,,,,,,,,,,,,,False
US,US,US,,,,,,,,,,,US,,,552,Organization,,,,,,,,,,,,,,False
US,US,US,,,,,,,,,,,US,,,553,Organization,,,,,,,,,,,,,,False
US,US,US,,,,,,,,,,,US,,,554,Organization,,,,,,,,,,,,,,False
US,US,US,,,,,,,,,,,US,,,555,Organization,,,,,,,,,,,,,,False
US,US,US,,,,,,,,,,,US,,,556,Organization,,,,,,,,,,,,,,False
US,US,US,,,,,,,,,,,US,,,558,Organization,,,,,,,,,,,,,,False
US,US,US,,,,,,,,,,,US,,,559,Organization,,,,,,,,,,,,,,False
US,US,US,,,,,,,,,,,US,,,560,Organization,,,,,,,,,,,,,,False
US,US,US,,,,,,,,,,,US,,,561,Organization,,,,,,,,,,,,,,False
US,US,US,,,,,,,,,,,US,,,562,Organization,,,,,,,,,,,,,,False
US,US,US,,,,,,,,,,,US,,,564,Organization,,,,,,,,,,,,,,False
US,US,US,,,,,,,,,,,US,,,565,Organization,,,,,,,,,,,,,,False
US,US,US,,,,,,,,,,,US,,,566,Organization,,,,,,,,,,,,,,False
US,US,US,,,,,,,,,,,US,,,570,Organization,,,,,,,,,,,,,,False
US,US,US,,,,,,,,,,,US,,,573,Organization,,,,,,,,,,,,,,False
US,US,US,,,,,,,,,,,US,,,574,Organization,,,,,,,,,,,,,,False
US,US,US,,,,,,,,,,,US,,,575,Organization,,,,,,,,,,,,,,False
US,US,US,,,,,,,,,,,US,,,576,Organization,,,,,,,,,,,,,,False
US,US,US,,,,,,,,,,,US,,,578,Organization,,,,,,,,,,,,,,False
US,US,US,,,,,,,,,,,US,,,579,Organization,,,,,,,,,,,,,,False
US,US,US,,,,,,,,,,,US,,,580,Organization,,,,,,,,,,,,,,False
US,US,US,,,,,,,,,,,US,,,585,Organization,,,,,,,,,,,,,,False
US,US,US,,,,,,,,,,,US,,,586,Organization,,,,,,,,,,,,,,False
US,US,US,,,,,,,,,,,US,,,588,Organization,,,,,,,,,,,,,,False
US,US,US,,,,,,,,,,,US,,,590,Organization,,,,,,,,,,,,,,False
US,US,US,,,,,,,,,,,US,,,592,Organization,,,,,,,,,,,,,,False
US,US,US,,,,,,,,,,,US,,,595,Organization,,,,,,,,,,,,,,False
US,US,US,,,,,,,,,,,US,,,598,Organization,,,,,,,,,,,,,,False
US,US,US,,,,,,,,,,,US,,,599,Organization,,,,,,,,,,,,,,False
US,US,US,,,,,,,,,,,US,,,601,Organization,,,,,,,,,,,,,,False
US,US,US,,,,,,,,,,,US,,,602,Organization,,,,,,,,,,,,,,False
US,US,US,,,,,,,,,,,US,,,603,Organization,,,,,,,,,,,,,,False
US,US,US,,,,,,,,,,,US,,,604,Organization,,,,,,,,,,,,,,False
US,US,US,,,,,,,,,,,US,,,606,Organization,,,,,,,,,,,,,,False
US,US,US,,,,,,,,,,,US,,,609,Organization,,,,,,,,,,,,,,False
US,US,US,,,,,,,,,,,US,,,611,Organization,,,,,,,,,,,,,,False
US,US,US,,,,,,,,,,,US,,,613,Organization,,,,,,,,,,,,,,False
US,US,US,,,,,,,,,,,US,,,622,Organization,,,,,,,,,,,,,,False
US,US,US,,,,,,,,,,,US,,,623,Organization,,,,,,,,,,,,,,False
US,US,US,,,,,,,,,,,US,,,625,Organization,,,,,,,,,,,,,,False
US,US,US,,,,,,,,,,,US,,,626,Organization,,,,,,,,,,,,,,False
US,US,US,,,,,,,,,,,US,,,627,Organization,,,,,,,,,,,,,,False
US,US,US,,,,,,,,,,,US,,,628,Organization,,,,,,,,,,,,,,False
US,US,US,,,,,,,,,,,US,,,634,Organization,,,,,,,,,,,,,,False
US,US,US,,,,,,,,,,,US,,,636,Organization,,,,,,,,,,,,,,False
US,US,US,,,,,,,,,,,US,,,638,Organization,,,,,,,,,,,,,,False
US,US,US,,,,,,,,,,,US,,,639,Organization,,,,,,,,,,,,,,False
US,US,US,,,,,,,,,,,US,,,640,Organization,,,,,,,,,,,,,,False
US,US,US,,,,,,,,,,,US,,,643,Organization,,,,,,,,,,,,,,False
US,US,US,,,,,,,,,,,US,,,645,Organization,,,,,,,,,,,,,,False
US,US,US,,,,,,,,,,,US,,,646,Organization,,,,,,,,,,,,,,False
US,US,US,,,,,,,,,,,US,,,652,Organization,,,,,,,,,,,,,,False
US,US,US,,,,,,,,,,,US,,,653,Organization,,,,,,,,,,,,,,False
US,US,US,,,,,,,,,,,US,,,654,Organization,,,,,,,,,,,,,,False
US,US,US,,,,,,,,,,,US,,,655,Organization,,,,,,,,,,,,,,False
US,US,US,,,,,,,,,,,US,,,657,Organization,,,,,,,,,,,,,,False
US,US,US,,,,,,,,,,,US,,,658,Organization,,,,,,,,,,,,,,False
US,US,US,,,,,,,,,,,US,,,660,Organization,,,,,,,,,,,,,,False
US,US,US,,,,,,,,,,,US,,,661,Organization,,,,,,,,,,,,,,False
US,US,US,,,,,,,,,,,US,,,662,Organization,,,,,,,,,,,,,,False
US,US,US,,,,,,,,,,,US,,,664,Organization,,,,,,,,,,,,,,False
US,US,US,,,,,,,,,,,US,,,665,Organization,,,,,,,,,,,,,,False
US,US,US,,,,,,,,,,,US,,,666,Organization,,,,,,,,,,,,,,False
US,US,US,,,,,,,,,,,US,,,668,Organization,,,,,,,,,,,,,,False
US,US,US,,,,,,,,,,,US,,,669,Organization,,,,,,,,,,,,,,False
US,US,US,,,,,,,,,,,US,,,671,Organization,,,,,,,,,,,,,,False
US,US,US,,,,,,,,,,,US,,,673,Organization,,,,,,,,,,,,,,False
US,US,US,,,,,,,,,,,US,,,676,Organization,,,,,,,,,,,,,,False
US,US,US,,,,,,,,,,,US,,,677,Organization,,,,,,,,,,,,,,False
US,US,US,,,,,,,,,,,US,,,680,Organization,,,,,,,,,,,,,,False
US,US,US,,,,,,,,,,,US,,,682,Organization,,,,,,,,,,,,,,False
US,US,US,,,,,,,,,,,US,,,683,Organization,,,,,,,,,,,,,,False
US,US,US,,,,,,,,,,,US,,,685,Organization,,,,,,,,,,,,,,False
US,US,US,,,,,,,,,,,US,,,687,Organization,,,,,,,,,,,,,,False
US,US,US,,,,,,,,,,,US,,,688,Organization,,,,,,,,,,,,,,False
US,US,US,,,,,,,,,,,US,,,690,Organization,,,,,,,,,,,,,,False
US,US,US,,,,,,,,,,,US,,,695,Organization,,,,,,,,,,,,,,False
US,US,US,,,,,,,,,,,US,,,698,Organization,,,,,,,,,,,,,,False
US,US,US,,,,,,,,,,,US,,,699,Organization,,,,,,,,,,,,,,False
US,US,US,,,,,,,,,,,US,,,706,Organization,,,,,,,,,,,,,,False
US,US,US,,,,,,,,,,,US,,,707,Organization,,,,,,,,,,,,,,False
US,US,US,,,,,,,,,,,US,,,708,Organization,,,,,,,,,,,,,,False
US,US,US,,,,,,,,,,,US,,,709,Organization,,,,,,,,,,,,,,False
US,US,US,,,,,,,,,,,US,,,711,Organization,,,,,,,,,,,,,,False
US,US,US,,,,,,,,,,,US,,,714,Organization,,,,,,,,,,,,,,False
US,US,US,,,,,,,,,,,US,,,717,Organization,,,,,,,,,,,,,,False
US,US,US,,,,,,,,,,,US,,,720,Organization,,,,,,,,,,,,,,False
US,US,US,,,,,,,,,,,US,,,721,Organization,,,,,,,,,,,,,,False
US,US,US,,,,,,,,,,,US,,,723,Organization,,,,,,,,,,,,,,False
US,US,US,,,,,,,,,,,US,,,726,Organization,,,,,,,,,,,,,,False
US,US,US,,,,,,,,,,,US,,,727,Organization,,,,,,,,,,,,,,False
US,US,US,,,,,,,,,,,US,,,728,Organization,,,,,,,,,,,,,,False
US,US,US,,,,,,,,,,,US,,,729,Organization,,,,,,,,,,,,,,False
US,US,US,,,,,,,,,,,US,,,730,Organization,,,,,,,,,,,,,,False
US,US,US,,,,,,,,,,,US,,,733,Organization,,,,,,,,,,,,,,False
US,US,US,,,,,,,,,,,US,,,734,Organization,,,,,,,,,,,,,,False
US,US,US,,,,,,,,,,,US,,,742,Organization,,,,,,,,,,,,,,False
US,US,US,,,,,,,,,,,US,,,743,Organization,,,,,,,,,,,,,,False
US,US,US,,,,,,,,,,,US,,,744,Organization,,,,,,,,,,,,,,False
US,US,US,,,,,,,,,,,US,,,750,Organization,,,,,,,,,,,,,,False
US,US,US,,,,,,,,,,,US,,,752,Organization,,,,,,,,,,,,,,False
US,US,US,,,,,,,,,,,US,,,753,Organization,,,,,,,,,,,,,,False
US,US,US,,,,,,,,,,,US,,,754,Organization,,,,,,,,,,,,,,False
US,US,US,,,,,,,,,,,US,,,757,Organization,,,,,,,,,,,,,,False
US,US,US,,,,,,,,,,,US,,,758,Organization,,,,,,,,,,,,,,False
US,US,US,,,,,,,,,,,US,,,759,Organization,,,,,,,,,,,,,,False
US,US,US,,,,,,,,,,,US,,,760,Organization,,,,,,,,,,,,,,False
US,US,US,,,,,,,,,,,US,,,762,Organization,,,,,,,,,,,,,,False
US,US,US,,,,,,,,,,,US,,,763,Organization,,,,,,,,,,,,,,False
US,US,US,,,,,,,,,,,US,,,764,Organization,,,,,,,,,,,,,,False
US,US,US,,,,,,,,,,,US,,,766,Organization,,,,,,,,,,,,,,False
US,US,US,,,,,,,,,,,US,,,767,Organization,,,,,,,,,,,,,,False
US,US,US,,,,,,,,,,,US,,,768,Organization,,,,,,,,,,,,,,False
US,US,US,,,,,,,,,,,US,,,771,Organization,,,,,,,,,,,,,,False
US,US,US,,,,,,,,,,,US,,,774,Organization,,,,,,,,,,,,,,False
US,US,US,,,,,,,,,,,US,,,779,Organization,,,,,,,,,,,,,,False
US,US,US,,,,,,,,,,,US,,,782,Organization,,,,,,,,,,,,,,False
US,US,US,,,,,,,,,,,US,,,784,Organization,,,,,,,,,,,,,,False
US,US,US,,,,,,,,,,,US,,,788,Organization,,,,,,,,,,,,,,False
US,US,US,,,,,,,,,,,US,,,791,Organization,,,,,,,,,,,,,,False
US,US,US,,,,,,,,,,,US,,,792,Organization,,,,,,,,,,,,,,False
US,US,US,,,,,,,,,,,US,,,793,Organization,,,,,,,,,,,,,,False
US,US,US,,,,,,,,,,,US,,,794,Organization,,,,,,,,,,,,,,False
US,US,US,,,,,,,,,,,US,,,796,Organization,,,,,,,,,,,,,,False
US,US,US,,,,,,,,,,,US,,,798,Organization,,,,,,,,,,,,,,False
US,US,US,,,,,,,,,,,US,,,800,Organization,,,,,,,,,,,,,,False
US,US,US,,,,,,,,,,,US,,,801,Organization,,,,,,,,,,,,,,False
US,US,US,,,,,,,,,,,US,,,805,Organization,,,,,,,,,,,,,,False
US,US,US,,,,,,,,,,,US,,,806,Organization,,,,,,,,,,,,,,False
US,US,US,,,,,,,,,,,US,,,808,Organization,,,,,,,,,,,,,,False
US,US,US,,,,,,,,,,,US,,,809,Organization,,,,,,,,,,,,,,False
US,US,US,,,,,,,,,,,US,,,813,Organization,,,,,,,,,,,,,,False
US,US,US,,,,,,,,,,,US,,,815,Organization,,,,,,,,,,,,,,False
US,US,US,,,,,,,,,,,US,,,816,Organization,,,,,,,,,,,,,,False
US,US,US,,,,,,,,,,,US,,,818,Organization,,,,,,,,,,,,,,False
US,US,US,,,,,,,,,,,US,,,819,Organization,,,,,,,,,,,,,,False
US,US,US,,,,,,,,,,,US,,,820,Organization,,,,,,,,,,,,,,False
US,US,US,,,,,,,,,,,US,,,822,Organization,,,,,,,,,,,,,,False
US,US,US,,,,,,,,,,,US,,,825,Organization,,,,,,,,,,,,,,False
US,US,US,,,,,,,,,,,US,,,826,Organization,,,,,,,,,,,,,,False
US,US,US,,,,,,,,,,,US,,,827,Organization,,,,,,,,,,,,,,False
US,US,US,,,,,,,,,,,US,,,828,Organization,,,,,,,,,,,,,,False
US,US,US,,,,,,,,,,,US,,,829,Organization,,,,,,,,,,,,,,False
US,US,US,,,,,,,,,,,US,,,834,Organization,,,,,,,,,,,,,,False
US,US,US,,,,,,,,,,,US,,,836,Organization,,,,,,,,,,,,,,False
US,US,US,,,,,,,,,,,US,,,838,Organization,,,,,,,,,,,,,,False
US,US,US,,,,,,,,,,,US,,,839,Organization,,,,,,,,,,,,,,False
US,US,US,,,,,,,,,,,US,,,842,Organization,,,,,,,,,,,,,,False
US,US,US,,,,,,,,,,,US,,,843,Organization,,,,,,,,,,,,,,False
US,US,US,,,,,,,,,,,US,,,845,Organization,,,,,,,,,,,,,,False
US,US,US,,,,,,,,,,,US,,,850,Organization,,,,,,,,,,,,,,False
US,US,US,,,,,,,,,,,US,,,854,Organization,,,,,,,,,,,,,,False
US,US,US,,,,,,,,,,,US,,,855,Organization,,,,,,,,,,,,,,False
US,US,US,,,,,,,,,,,US,,,857,Organization,,,,,,,,,,,,,,False
US,US,US,,,,,,,,,,,US,,,858,Organization,,,,,,,,,,,,,,False
US,US,US,,,,,,,,,,,US,,,860,Organization,,,,,,,,,,,,,,False
US,US,US,,,,,,,,,,,US,,,861,Organization,,,,,,,,,,,,,,False
US,US,US,,,,,,,,,,,US,,,869,Organization,,,,,,,,,,,,,,False
US,US,US,,,,,,,,,,,US,,,870,Organization,,,,,,,,,,,,,,False
US,US,US,,,,,,,,,,,US,,,871,Organization,,,,,,,,,,,,,,False
US,US,US,,,,,,,,,,,US,,,872,Organization,,,,,,,,,,,,,,False
US,US,US,,,,,,,,,,,US,,,873,Organization,,,,,,,,,,,,,,False
US,US,US,,,,,,,,,,,US,,,875,Organization,,,,,,,,,,,,,,False
US,US,US,,,,,,,,,,,US,,,877,Organization,,,,,,,,,,,,,,False
US,US,US,,,,,,,,,,,US,,,879,Organization,,,,,,,,,,,,,,False
US,US,US,,,,,,,,,,,US,,,880,Organization,,,,,,,,,,,,,,False
US,US,US,,,,,,,,,,,US,,,881,Organization,,,,,,,,,,,,,,False
US,US,US,,,,,,,,,,,US,,,882,Organization,,,,,,,,,,,,,,False
US,US,US,,,,,,,,,,,US,,,884,Organization,,,,,,,,,,,,,,False
US,US,US,,,,,,,,,,,US,,,889,Organization,,,,,,,,,,,,,,False
US,US,US,,,,,,,,,,,US,,,890,Organization,,,,,,,,,,,,,,False
US,US,US,,,,,,,,,,,US,,,892,Organization,,,,,,,,,,,,,,False
US,US,US,,,,,,,,,,,US,,,894,Organization,,,,,,,,,,,,,,False
US,US,US,,,,,,,,,,,US,,,896,Organization,,,,,,,,,,,,,,False
US,US,US,,,,,,,,,,,US,,,901,Organization,,,,,,,,,,,,,,False
US,US,US,,,,,,,,,,,US,,,903,Organization,,,,,,,,,,,,,,False
US,US,US,,,,,,,,,,,US,,,910,Organization,,,,,,,,,,,,,,False
US,US,US,,,,,,,,,,,US,,,911,Organization,,,,,,,,,,,,,,False
US,US,US,,,,,,,,,,,US,,,913,Organization,,,,,,,,,,,,,,False
US,US,US,,,,,,,,,,,US,,,918,Organization,,,,,,,,,,,,,,False
US,US,US,,,,,,,,,,,US,,,919,Organization,,,,,,,,,,,,,,False
US,US,US,,,,,,,,,,,US,,,920,Organization,,,,,,,,,,,,,,False
US,US,US,,,,,,,,,,,US,,,922,Organization,,,,,,,,,,,,,,False
US,US,US,,,,,,,,,,,US,,,923,Organization,,,,,,,,,,,,,,False
US,US,US,,,,,,,,,,,US,,,925,Organization,,,,,,,,,,,,,,False
US,US,US,,,,,,,,,,,US,,,927,Organization,,,,,,,,,,,,,,False
US,US,US,,,,,,,,,,,US,,,930,Organization,,,,,,,,,,,,,,False
US,US,US,,,,,,,,,,,US,,,931,Organization,,,,,,,,,,,,,,False
US,US,US,,,,,,,,,,,US,,,933,Organization,,,,,,,,,,,,,,False
US,US,US,,,,,,,,,,,US,,,935,Organization,,,,,,,,,,,,,,False
US,US,US,,,,,,,,,,,US,,,936,Organization,,,,,,,,,,,,,,False
US,US,US,,,,,,,,,,,US,,,937,Organization,,,,,,,,,,,,,,False
US,US,US,,,,,,,,,,,US,,,940,Organization,,,,,,,,,,,,,,False
US,US,US,,,,,,,,,,,US,,,941,Organization,,,,,,,,,,,,,,False
US,US,US,,,,,,,,,,,US,,,942,Organization,,,,,,,,,,,,,,False
US,US,US,,,,,,,,,,,US,,,945,Organization,,,,,,,,,,,,,,False
US,US,US,,,,,,,,,,,US,,,947,Organization,,,,,,,,,,,,,,False
US,US,US,,,,,,,,,,,US,,,949,Organization,,,,,,,,,,,,,,False
US,US,US,,,,,,,,,,,US,,,951,Organization,,,,,,,,,,,,,,False
US,US,US,,,,,,,,,,,US,,,952,Organization,,,,,,,,,,,,,,False
US,US,US,,,,,,,,,,,US,,,953,Organization,,,,,,,,,,,,,,False
US,US,US,,,,,,,,,,,US,,,954,Organization,,,,,,,,,,,,,,False
US,US,US,,,,,,,,,,,US,,,955,Organization,,,,,,,,,,,,,,False
US,US,US,,,,,,,,,,,US,,,959,Organization,,,,,,,,,,,,,,False
US,US,US,,,,,,,,,,,US,,,960,Organization,,,,,,,,,,,,,,False
US,US,US,,,,,,,,,,,US,,,962,Organization,,,,,,,,,,,,,,False
US,US,US,,,,,,,,,,,US,,,969,Organization,,,,,,,,,,,,,,False
US,US,US,,,,,,,,,,,US,,,970,Organization,,,,,,,,,,,,,,False
US,US,US,,,,,,,,,,,US,,,973,Organization,,,,,,,,,,,,,,False
US,US,US,,,,,,,,,,,US,,,976,Organization,,,,,,,,,,,,,,False
US,US,US,,,,,,,,,,,US,,,978,Organization,,,,,,,,,,,,,,False
US,US,US,,,,,,,,,,,US,,,980,Organization,,,,,,,,,,,,,,False
US,US,US,,,,,,,,,,,US,,,983,Organization,,,,,,,,,,,,,,False
US,US,US,,,,,,,,,,,US,,,985,Organization,,,,,,,,,,,,,,False
US,US,US,,,,,,,,,,,US,,,986,Organization,,,,,,,,,,,,,,False
US,US,US,,,,,,,,,,,US,,,987,Organization,,,,,,,,,,,,,,False
US,US,US,,,,,,,,,,,US,,,988,Organization,,,,,,,,,,,,,,False
US,US,US,,,,,,,,,,,US,,,990,Organization,,,,,,,,,,,,,,False
US,US,US,,,,,,,,,,,US,,,993,Organization,,,,,,,,,,,,,,False
US,US,US,,,,,,,,,,,US,,,999,Organization,,,,,,,,,,,,,,False
US,US,US,,,,,,,,,,,US,,,1001,Organization,,,,,,,,,,,,,,False
US,US,US,,,,,,,,,,,US,,,1006,Organization,,,,,,,,,,,,,,False
US,US,US,,,,,,,,,,,US,,,1012,Organization,,,,,,,,,,,,,,False
US,US,US,,,,,,,,,,,US,,,1014,Organization,,,,,,,,,,,,,,False
US,US,US,,,,,,,,,,,US,,,1020,Organization,,,,,,,,,,,,,,False
US,US,US,,,,,,,,,,,US,,,1022,Organization,,,,,,,,,,,,,,False
US,US,US,,,,,,,,,,,US,,,1024,Organization,,,,,,,,,,,,,,False
US,US,US,,,,,,,,,,,US,,,1025,Organization,,,,,,,,,,,,,,False
US,US,US,,,,,,,,,,,US,,,1026,Organization,,,,,,,,,,,,,,False
US,US,US,,,,,,,,,,,US,,,1027,Organization,,,,,,,,,,,,,,False
US,US,US,,,,,,,,,,,US,,,1028,Organization,,,,,,,,,,,,,,False
US,US,US,,,,,,,,,,,US,,,1029,Organization,,,,,,,,,,,,,,False
US,US,US,,,,,,,,,,,US,,,1032,Organization,,,,,,,,,,,,,,False
US,US,US,,,,,,,,,,,US,,,1033,Organization,,,,,,,,,,,,,,False
US,US,US,,,,,,,,,,,US,,,1034,Organization,,,,,,,,,,,,,,False
US,US,US,,,,,,,,,,,US,,,1035,Organization,,,,,,,,,,,,,,False
US,US,US,,,,,,,,,,,US,,,1037,Organization,,,,,,,,,,,,,,False
US,US,US,,,,,,,,,,,US,,,1040,Organization,,,,,,,,,,,,,,False
US,US,US,,,,,,,,,,,US,,,1041,Organization,,,,,,,,,,,,,,False
US,US,US,,,,,,,,,,,US,,,1043,Organization,,,,,,,,,,,,,,False
US,US,US,,,,,,,,,,,US,,,1044,Organization,,,,,,,,,,,,,,False
US,US,US,,,,,,,,,,,US,,,1047,Organization,,,,,,,,,,,,,,False
US,US,US,,,,,,,,,,,US,,,1051,Organization,,,,,,,,,,,,,,False
US,US,US,,,,,,,,,,,US,,,1052,Organization,,,,,,,,,,,,,,False
US,US,US,,,,,,,,,,,US,,,1053,Organization,,,,,,,,,,,,,,False
US,US,US,,,,,,,,,,,US,,,1056,Organization,,,,,,,,,,,,,,False
US,US,US,,,,,,,,,,,US,,,1058,Organization,,,,,,,,,,,,,,False
US,US,US,,,,,,,,,,,US,,,1059,Organization,,,,,,,,,,,,,,False
US,US,US,,,,,,,,,,,US,,,1061,Organization,,,,,,,,,,,,,,False
US,US,US,,,,,,,,,,,US,,,1062,Organization,,,,,,,,,,,,,,False
US,US,US,,,,,,,,,,,US,,,1063,Organization,,,,,,,,,,,,,,False
US,US,US,,,,,,,,,,,US,,,1065,Organization,,,,,,,,,,,,,,False
US,US,US,,,,,,,,,,,US,,,1066,Organization,,,,,,,,,,,,,,False
US,US,US,,,,,,,,,,,US,,,1067,Organization,,,,,,,,,,,,,,False
US,US,US,,,,,,,,,,,US,,,1069,Organization,,,,,,,,,,,,,,False
US,US,US,,,,,,,,,,,US,,,1072,Organization,,,,,,,,,,,,,,False
US,US,US,,,,,,,,,,,US,,,1073,Organization,,,,,,,,,,,,,,False
US,US,US,,,,,,,,,,,US,,,1074,Organization,,,,,,,,,,,,,,False
US,US,US,,,,,,,,,,,US,,,1075,Organization,,,,,,,,,,,,,,False
US,US,US,,,,,,,,,,,US,,,1079,Organization,,,,,,,,,,,,,,False
US,US,US,,,,,,,,,,,US,,,1080,Organization,,,,,,,,,,,,,,False
US,US,US,,,,,,,,,,,US,,,1083,Organization,,,,,,,,,,,,,,False
US,US,US,,,,,,,,,,,US,,,1084,Organization,,,,,,,,,,,,,,False
US,US,US,,,,,,,,,,,US,,,1087,Organization,,,,,,,,,,,,,,False
US,US,US,,,,,,,,,,,US,,,1088,Organization,,,,,,,,,,,,,,False
US,US,US,,,,,,,,,,,US,,,1091,Organization,,,,,,,,,,,,,,False
US,US,US,,,,,,,,,,,US,,,1093,Organization,,,,,,,,,,,,,,False
US,US,US,,,,,,,,,,,US,,,1094,Organization,,,,,,,,,,,,,,False
US,US,US,,,,,,,,,,,US,,,1095,Organization,,,,,,,,,,,,,,False
US,US,US,,,,,,,,,,,US,,,1099,Organization,,,,,,,,,,,,,,False
US,US,US,,,,,,,,,,,US,,,1102,Organization,,,,,,,,,,,,,,False
US,US,US,,,,,,,,,,,US,,,1104,Organization,,,,,,,,,,,,,,False
US,US,US,,,,,,,,,,,US,,,1110,Organization,,,,,,,,,,,,,,False
US,US,US,,,,,,,,,,,US,,,1111,Organization,,,,,,,,,,,,,,False
US,US,US,,,,,,,,,,,US,,,1112,Organization,,,,,,,,,,,,,,False
US,US,US,,,,,,,,,,,US,,,1113,Organization,,,,,,,,,,,,,,False
US,US,US,,,,,,,,,,,US,,,1114,Organization,,,,,,,,,,,,,,False
US,US,US,,,,,,,,,,,US,,,1118,Organization,,,,,,,,,,,,,,False
US,US,US,,,,,,,,,,,US,,,1120,Organization,,,,,,,,,,,,,,False
US,US,US,,,,,,,,,,,US,,,1125,Organization,,,,,,,,,,,,,,False
US,US,US,,,,,,,,,,,US,,,1126,Organization,,,,,,,,,,,,,,False
US,US,US,,,,,,,,,,,US,,,1127,Organization,,,,,,,,,,,,,,False
US,US,US,,,,,,,,,,,US,,,1128,Organization,,,,,,,,,,,,,,False
US,US,US,,,,,,,,,,,US,,,1129,Organization,,,,,,,,,,,,,,False
US,US,US,,,,,,,,,,,US,,,1130,Organization,,,,,,,,,,,,,,False
US,US,US,,,,,,,,,,,US,,,1133,Organization,,,,,,,,,,,,,,False
US,US,US,,,,,,,,,,,US,,,1135,Organization,,,,,,,,,,,,,,False
US,US,US,,,,,,,,,,,US,,,1138,Organization,,,,,,,,,,,,,,False
US,US,US,,,,,,,,,,,US,,,1142,Organization,,,,,,,,,,,,,,False
US,US,US,,,,,,,,,,,US,,,1144,Organization,,,,,,,,,,,,,,False
US,US,US,,,,,,,,,,,US,,,1146,Organization,,,,,,,,,,,,,,False
US,US,US,,,,,,,,,,,US,,,1148,Organization,,,,,,,,,,,,,,False
US,US,US,,,,,,,,,,,US,,,1149,Organization,,,,,,,,,,,,,,False
US,US,US,,,,,,,,,,,US,,,1151,Organization,,,,,,,,,,,,,,False
US,US,US,,,,,,,,,,,US,,,1152,Organization,,,,,,,,,,,,,,False
US,US,US,,,,,,,,,,,US,,,1153,Organization,,,,,,,,,,,,,,False
US,US,US,,,,,,,,,,,US,,,1154,Organization,,,,,,,,,,,,,,False
US,US,US,,,,,,,,,,,US,,,1155,Organization,,,,,,,,,,,,,,False
US,US,US,,,,,,,,,,,US,,,1157,Organization,,,,,,,,,,,,,,False
US,US,US,,,,,,,,,,,US,,,1161,Organization,,,,,,,,,,,,,,False
US,US,US,,,,,,,,,,,US,,,1164,Organization,,,,,,,,,,,,,,False
US,US,US,,,,,,,,,,,US,,,1166,Organization,,,,,,,,,,,,,,False
US,US,US,,,,,,,,,,,US,,,1169,Organization,,,,,,,,,,,,,,False
US,US,US,,,,,,,,,,,US,,,1170,Organization,,,,,,,,,,,,,,False
US,US,US,,,,,,,,,,,US,,,1172,Organization,,,,,,,,,,,,,,False
US,US,US,,,,,,,,,,,US,,,1174,Organization,,,,,,,,,,,,,,False
US,US,US,,,,,,,,,,,US,,,1177,Organization,,,,,,,,,,,,,,False
US,US,US,,,,,,,,,,,US,,,1178,Organization,,,,,,,,,,,,,,False
US,US,US,,,,,,,,,,,US,,,1179,Organization,,,,,,,,,,,,,,False
US,US,US,,,,,,,,,,,US,,,1182,Organization,,,,,,,,,,,,,,False
US,US,US,,,,,,,,,,,US,,,1184,Organization,,,,,,,,,,,,,,False
US,US,US,,,,,,,,,,,US,,,1185,Organization,,,,,,,,,,,,,,False
US,US,US,,,,,,,,,,,US,,,1189,Organization,,,,,,,,,,,,,,False
US,US,US,,,,,,,,,,,US,,,1192,Organization,,,,,,,,,,,,,,False
US,US,US,,,,,,,,,,,US,,,1194,Organization,,,,,,,,,,,,,,False
US,US,US,,,,,,,,,,,US,,,1195,Organization,,,,,,,,,,,,,,False
US,US,US,,,,,,,,,,,US,,,1196,Organization,,,,,,,,,,,,,,False
US,US,US,,,,,,,,,,,US,,,1198,Organization,,,,,,,,,,,,,,False
US,US,US,,,,,,,,,,,US,,,1199,Organization,,,,,,,,,,,,,,False
US,US,US,,,,,,,,,,,US,,,1200,Organization,,,,,,,,,,,,,,False
US,US,US,,,,,,,,,,,US,,,1202,Organization,,,,,,,,,,,,,,False
US,US,US,,,,,,,,,,,US,,,1209,Organization,,,,,,,,,,,,,,False
US,US,US,,,,,,,,,,,US,,,1211,Organization,,,,,,,,,,,,,,False
US,US,US,,,,,,,,,,,US,,,1212,Organization,,,,,,,,,,,,,,False
US,US,US,,,,,,,,,,,US,,,1213,Organization,,,,,,,,,,,,,,False
US,US,US,,,,,,,,,,,US,,,1217,Organization,,,,,,,,,,,,,,False
US,US,US,,,,,,,,,,,US,,,1219,Organization,,,,,,,,,,,,,,False
US,US,US,,,,,,,,,,,US,,,1220,Organization,,,,,,,,,,,,,,False
US,US,US,,,,,,,,,,,US,,,1223,Organization,,,,,,,,,,,,,,False
US,US,US,,,,,,,,,,,US,,,1227,Organization,,,,,,,,,,,,,,False
US,US,US,,,,,,,,,,,US,,,1229,Organization,,,,,,,,,,,,,,False
US,US,US,,,,,,,,,,,US,,,1230,Organization,,,,,,,,,,,,,,False
US,US,US,,,,,,,,,,,US,,,1232,Organization,,,,,,,,,,,,,,False
US,US,US,,,,,,,,,,,US,,,1235,Organization,,,,,,,,,,,,,,False
US,US,US,,,,,,,,,,,US,,,1236,Organization,,,,,,,,,,,,,,False
US,US,US,,,,,,,,,,,US,,,1237,Organization,,,,,,,,,,,,,,False
US,US,US,,,,,,,,,,,US,,,1238,Organization,,,,,,,,,,,,,,False
US,US,US,,,,,,,,,,,US,,,1239,Organization,,,,,,,,,,,,,,False
US,US,US,,,,,,,,,,,US,,,1243,Organization,,,,,,,,,,,,,,False
US,US,US,,,,,,,,,,,US,,,1245,Organization,,,,,,,,,,,,,,False
US,US,US,,,,,,,,,,,US,,,1250,Organization,,,,,,,,,,,,,,False
US,US,US,,,,,,,,,,,US,,,1251,Organization,,,,,,,,,,,,,,False
US,US,US,,,,,,,,,,,US,,,1254,Organization,,,,,,,,,,,,,,False
US,US,US,,,,,,,,,,,US,,,1258,Organization,,,,,,,,,,,,,,False
US,US,US,,,,,,,,,,,US,,,1259,Organization,,,,,,,,,,,,,,False
US,US,US,,,,,,,,,,,US,,,1260,Organization,,,,,,,,,,,,,,False
US,US,US,,,,,,,,,,,US,,,1261,Organization,,,,,,,,,,,,,,False
US,US,US,,,,,,,,,,,US,,,1264,Organization,,,,,,,,,,,,,,False
US,US,US,,,,,,,,,,,US,,,1266,Organization,,,,,,,,,,,,,,False
US,US,US,,,,,,,,,,,US,,,1267,Organization,,,,,,,,,,,,,,False
US,US,US,,,,,,,,,,,US,,,1271,Organization,,,,,,,,,,,,,,False
US,US,US,,,,,,,,,,,US,,,1272,Organization,,,,,,,,,,,,,,False
US,US,US,,,,,,,,,,,US,,,1273,Organization,,,,,,,,,,,,,,False
US,US,US,,,,,,,,,,,US,,,1276,Organization,,,,,,,,,,,,,,False
US,US,US,,,,,,,,,,,US,,,1278,Organization,,,,,,,,,,,,,,False
US,US,US,,,,,,,,,,,US,,,1279,Organization,,,,,,,,,,,,,,False
US,US,US,,,,,,,,,,,US,,,1281,Organization,,,,,,,,,,,,,,False
US,US,US,,,,,,,,,,,US,,,1285,Organization,,,,,,,,,,,,,,False
US,US,US,,,,,,,,,,,US,,,1286,Organization,,,,,,,,,,,,,,False
US,US,US,,,,,,,,,,,US,,,1288,Organization,,,,,,,,,,,,,,False
US,US,US,,,,,,,,,,,US,,,1289,Organization,,,,,,,,,,,,,,False
US,US,US,,,,,,,,,,,US,,,1291,Organization,,,,,,,,,,,,,,False
US,US,US,,,,,,,,,,,US,,,1292,Organization,,,,,,,,,,,,,,False
US,US,US,,,,,,,,,,,US,,,1293,Organization,,,,,,,,,,,,,,False
US,US,US,,,,,,,,,,,US,,,1294,Organization,,,,,,,,,,,,,,False
US,US,US,,,,,,,,,,,US,,,1300,Organization,,,,,,,,,,,,,,False
US,US,US,,,,,,,,,,,US,,,1302,Organization,,,,,,,,,,,,,,False
US,US,US,,,,,,,,,,,US,,,1303,Organization,,,,,,,,,,,,,,False
US,US,US,,,,,,,,,,,US,,,1304,Organization,,,,,,,,,,,,,,False
US,US,US,,,,,,,,,,,US,,,1306,Organization,,,,,,,,,,,,,,False
US,US,US,,,,,,,,,,,US,,,1307,Organization,,,,,,,,,,,,,,False
US,US,US,,,,,,,,,,,US,,,1309,Organization,,,,,,,,,,,,,,False
US,US,US,,,,,,,,,,,US,,,1311,Organization,,,,,,,,,,,,,,False
US,US,US,,,,,,,,,,,US,,,1313,Organization,,,,,,,,,,,,,,False
US,US,US,,,,,,,,,,,US,,,1314,Organization,,,,,,,,,,,,,,False
US,US,US,,,,,,,,,,,US,,,1315,Organization,,,,,,,,,,,,,,False
US,US,US,,,,,,,,,,,US,,,1317,Organization,,,,,,,,,,,,,,False
US,US,US,,,,,,,,,,,US,,,1319,Organization,,,,,,,,,,,,,,False
US,US,US,,,,,,,,,,,US,,,1320,Organization,,,,,,,,,,,,,,False
US,US,US,,,,,,,,,,,US,,,1321,Organization,,,,,,,,,,,,,,False
US,US,US,,,,,,,,,,,US,,,1325,Organization,,,,,,,,,,,,,,False
US,US,US,,,,,,,,,,,US,,,1327,Organization,,,,,,,,,,,,,,False
US,US,US,,,,,,,,,,,US,,,1330,Organization,,,,,,,,,,,,,,False
US,US,US,,,,,,,,,,,US,,,1331,Organization,,,,,,,,,,,,,,False
US,US,US,,,,,,,,,,,US,,,1335,Organization,,,,,,,,,,,,,,False
US,US,US,,,,,,,,,,,US,,,1336,Organization,,,,,,,,,,,,,,False
US,US,US,,,,,,,,,,,US,,,1337,Organization,,,,,,,,,,,,,,False
US,US,US,,,,,,,,,,,US,,,1339,Organization,,,,,,,,,,,,,,False
US,US,US,,,,,,,,,,,US,,,1340,Organization,,,,,,,,,,,,,,False
US,US,US,,,,,,,,,,,US,,,1341,Organization,,,,,,,,,,,,,,False
US,US,US,,,,,,,,,,,US,,,1342,Organization,,,,,,,,,,,,,,False
US,US,US,,,,,,,,,,,US,,,1343,Organization,,,,,,,,,,,,,,False
US,US,US,,,,,,,,,,,US,,,1345,Organization,,,,,,,,,,,,,,False
US,US,US,,,,,,,,,,,US,,,1346,Organization,,,,,,,,,,,,,,False
US,US,US,,,,,,,,,,,US,,,1349,Organization,,,,,,,,,,,,,,False
US,US,US,,,,,,,,,,,US,,,1350,Organization,,,,,,,,,,,,,,False
US,US,US,,,,,,,,,,,US,,,1351,Organization,,,,,,,,,,,,,,False
US,US,US,,,,,,,,,,,US,,,1352,Organization,,,,,,,,,,,,,,False
US,US,US,,,,,,,,,,,US,,,1353,Organization,,,,,,,,,,,,,,False
US,US,US,,,,,,,,,,,US,,,1355,Organization,,,,,,,,,,,,,,False
US,US,US,,,,,,,,,,,US,,,1357,Organization,,,,,,,,,,,,,,False
US,US,US,,,,,,,,,,,US,,,1359,Organization,,,,,,,,,,,,,,False
US,US,US,,,,,,,,,,,US,,,1360,Organization,,,,,,,,,,,,,,False
US,US,US,,,,,,,,,,,US,,,1362,Organization,,,,,,,,,,,,,,False
US,US,US,,,,,,,,,,,US,,,1363,Organization,,,,,,,,,,,,,,False
US,US,US,,,,,,,,,,,US,,,1364,Organization,,,,,,,,,,,,,,False
US,US,US,,,,,,,,,,,US,,,1365,Organization,,,,,,,,,,,,,,False
US,US,US,,,,,,,,,,,US,,,1366,Organization,,,,,,,,,,,,,,False
US,US,US,,,,,,,,,,,US,,,1368,Organization,,,,,,,,,,,,,,False
US,US,US,,,,,,,,,,,US,,,1369,Organization,,,,,,,,,,,,,,False
US,US,US,,,,,,,,,,,US,,,1372,Organization,,,,,,,,,,,,,,False
US,US,US,,,,,,,,,,,US,,,1376,Organization,,,,,,,,,,,,,,False
US,US,US,,,,,,,,,,,US,,,1377,Organization,,,,,,,,,,,,,,False
US,US,US,,,,,,,,,,,US,,,1378,Organization,,,,,,,,,,,,,,False
US,US,US,,,,,,,,,,,US,,,1381,Organization,,,,,,,,,,,,,,False
US,US,US,,,,,,,,,,,US,,,1383,Organization,,,,,,,,,,,,,,False
US,US,US,,,,,,,,,,,US,,,1385,Organization,,,,,,,,,,,,,,False
US,US,US,,,,,,,,,,,US,,,1387,Organization,,,,,,,,,,,,,,False
US,US,US,,,,,,,,,,,US,,,1390,Organization,,,,,,,,,,,,,,False
US,US,US,,,,,,,,,,,US,,,1391,Organization,,,,,,,,,,,,,,False
US,US,US,,,,,,,,,,,US,,,1393,Organization,,,,,,,,,,,,,,False
US,US,US,,,,,,,,,,,US,,,1395,Organization,,,,,,,,,,,,,,False
US,US,US,,,,,,,,,,,US,,,1396,Organization,,,,,,,,,,,,,,False
US,US,US,,,,,,,,,,,US,,,1398,Organization,,,,,,,,,,,,,,False
US,US,US,,,,,,,,,,,US,,,1400,Organization,,,,,,,,,,,,,,False
US,US,US,,,,,,,,,,,US,,,1407,Organization,,,,,,,,,,,,,,False
US,US,US,,,,,,,,,,,US,,,1410,Organization,,,,,,,,,,,,,,False
US,US,US,,,,,,,,,,,US,,,1411,Organization,,,,,,,,,,,,,,False
US,US,US,,,,,,,,,,,US,,,1413,Organization,,,,,,,,,,,,,,False
US,US,US,,,,,,,,,,,US,,,1414,Organization,,,,,,,,,,,,,,False
US,US,US,,,,,,,,,,,US,,,1416,Organization,,,,,,,,,,,,,,False
US,US,US,,,,,,,,,,,US,,,1421,Organization,,,,,,,,,,,,,,False
US,US,US,,,,,,,,,,,US,,,1425,Organization,,,,,,,,,,,,,,False
US,US,US,,,,,,,,,,,US,,,1430,Organization,,,,,,,,,,,,,,False
US,US,US,,,,,,,,,,,US,,,1431,Organization,,,,,,,,,,,,,,False
US,US,US,,,,,,,,,,,US,,,1434,Organization,,,,,,,,,,,,,,False
US,US,US,,,,,,,,,,,US,,,1435,Organization,,,,,,,,,,,,,,False
US,US,US,,,,,,,,,,,US,,,1436,Organization,,,,,,,,,,,,,,False
US,US,US,,,,,,,,,,,US,,,1437,Organization,,,,,,,,,,,,,,False
US,US,US,,,,,,,,,,,US,,,1438,Organization,,,,,,,,,,,,,,False
US,US,US,,,,,,,,,,,US,,,1439,Organization,,,,,,,,,,,,,,False
US,US,US,,,,,,,,,,,US,,,1443,Organization,,,,,,,,,,,,,,False
US,US,US,,,,,,,,,,,US,,,1444,Organization,,,,,,,,,,,,,,False
